1,-
2,http://epaper.timesofindia.com/Default/Scripting/ArticleWin.asp?From=Search&Key=TOIBG/2006/04/28/2/Ar00201.xml&CollName=TOI_BANGALORE_ARCHIVE_2006&DOCID=179197&Keyword=%28%3Cmany%3E%3Cstem%3Eonion%3Cand%3E%3Cmany%3E%3Cstem%3Eprice%29&skin=pastissues2&AppName=2&ViewMode=GIF
3,-
4,-
5,-
6,-
7,-
8,http://epaper.timesofindia.com/Default/Scripting/ArticleWin.asp?From=Search&Key=TOIBG/2007/01/23/17/Ar01700.xml&CollName=TOI_BANGALORE_ARCHIVE_2006&DOCID=63654&Keyword=%28%3Cmany%3E%3Cstem%3Eonion%3Cand%3E%3Cmany%3E%3Cstem%3Eprice%29&skin=pastissues2&AppName=2&ViewMode=GIF
9,http://epaper.timesofindia.com/Default/Scripting/ArticleWin.asp?From=Search&Key=TOIBG/2007/02/18/9/Ar00901.xml&CollName=TOI_BANGALORE_ARCHIVE_2006&DOCID=75380&Keyword=%28<many><stem>onion<and><many><stem>price%29&skin=pastissues2&AppName=2&ViewMode=GIF
10,-
11,-
12,http://epaper.timesofindia.com/Default/Scripting/ArticleWin.asp?From=Search&Key=TOIBG/2007/08/03/2/Ar00201.xml&CollName=TOI_BANGALORE_ARCHIVE_2006&DOCID=295925&Keyword=%28%3Cmany%3E%3Cstem%3Eonion%3Cand%3E%3Cmany%3E%3Cstem%3Eprice%29&skin=pastissues2&AppName=2&ViewMode=GIF
12,http://epaper.timesofindia.com/Default/Scripting/ArticleWin.asp?From=Search&Key=TOIBG/2007/08/05/4/Ar00402.xml&CollName=TOI_BANGALORE_ARCHIVE_2006&DOCID=296950&Keyword=%28%3Cmany%3E%3Cstem%3Eonion%3Cand%3E%3Cmany%3E%3Cstem%3Eprice%29&skin=pastissues2&AppName=2&ViewMode=GIF
13,http://epaper.timesofindia.com/Default/Scripting/ArticleWin.asp?From=Search&Key=TOIBG/2007/08/23/4/Ar00407.xml&CollName=TOI_BANGALORE_ARCHIVE_2006&DOCID=305544&Keyword=%28%3Cmany%3E%3Cstem%3Eonion%3Cand%3E%3Cmany%3E%3Cstem%3Eprice%29&skin=pastissues2&AppName=2&ViewMode=GIF
14,-
15,-
16,http://epaper.timesofindia.com/Default/Scripting/ArticleWin.asp?From=Search&Key=TOIBG/2008/05/07/6/Ar00600.xml&CollName=TOI_BANGALORE_ARCHIVE_2006&DOCID=465217&Keyword=%28%3Cmany%3E%3Cstem%3Eonion%3Cand%3E%3Cmany%3E%3Cstem%3Eprice%29&skin=pastissues2&AppName=2&ViewMode=GIF
17,-
18,http://epaper.timesofindia.com/Default/Scripting/ArticleWin.asp?From=Search&Key=TOIBG/2008/09/26/4/Ar00402.xml&CollName=TOI_BANGALORE_ARCHIVE_2006&DOCID=549095&Keyword=%28%3Cmany%3E%3Cstem%3Eonion%3Cand%3E%3Cmany%3E%3Cstem%3Eprice%29&skin=pastissues2&AppName=2&ViewMode=GIF
19,http://epaper.timesofindia.com/Default/Scripting/ArticleWin.asp?From=Search&Key=TOIBG/2008/11/05/2/Ar00202.xml&CollName=TOI_BANGALORE_ARCHIVE_2006&DOCID=568967&Keyword=%28%3Cmany%3E%3Cstem%3Eonion%3Cand%3E%3Cmany%3E%3Cstem%3Eprice%29&skin=pastissues2&AppName=2&ViewMode=GIF
19,http://epaper.timesofindia.com/Default/Scripting/ArticleWin.asp?From=Search&Key=TOIBG/2008/11/13/7/Ar00701.xml&CollName=TOI_BANGALORE_ARCHIVE_2006&DOCID=579541&Keyword=%28%3Cmany%3E%3Cstem%3Eonion%3Cand%3E%3Cmany%3E%3Cstem%3Eprice%29&skin=pastissues2&AppName=2&ViewMode=GIF
20,-
21,-
22,-
23,-
24,-
25,http://epaper.timesofindia.com/Default/Scripting/ArticleWin.asp?From=Search&Key=TOIBG/2009/10/04/8/Ar00802.xml&CollName=TOI_BANGALORE_ARCHIVE_2009&DOCID=122976&Keyword=%28%3Cmany%3E%3Cstem%3Eonion%3Cand%3E%3Cmany%3E%3Cstem%3Eprice%29&skin=pastissues2&AppName=2&ViewMode=GIF
25,http://epaper.timesofindia.com/Default/Scripting/ArticleWin.asp?From=Search&Key=TOIBG/2009/10/06/1/Ar00104.xml&CollName=TOI_BANGALORE_ARCHIVE_2009&DOCID=123768&Keyword=%28%3Cmany%3E%3Cstem%3Eonion%3Cand%3E%3Cmany%3E%3Cstem%3Eprice%29&skin=pastissues2&AppName=2&ViewMode=GIF
25,http://epaper.timesofindia.com/Default/Scripting/ArticleWin.asp?From=Search&Key=TOIBG/2009/10/09/10/Ar01005.xml&CollName=TOI_BANGALORE_ARCHIVE_2009&DOCID=125443&Keyword=%28%3Cmany%3E%3Cstem%3Eonion%3Cand%3E%3Cmany%3E%3Cstem%3Eprice%29&skin=pastissues2&AppName=2&ViewMode=GIF
25,http://epaper.timesofindia.com/Default/Scripting/ArticleWin.asp?From=Search&Key=TOIBG/2009/10/15/8/Ar00800.xml&CollName=TOI_BANGALORE_ARCHIVE_2009&DOCID=127900&Keyword=%28%3Cmany%3E%3Cstem%3Eonion%3Cand%3E%3Cmany%3E%3Cstem%3Eprice%29&skin=pastissues2&AppName=2&ViewMode=GIF
26,http://epaper.timesofindia.com/Default/Scripting/ArticleWin.asp?From=Search&Key=TOIBG/2009/11/18/2/Ar00201.xml&CollName=TOI_BANGALORE_ARCHIVE_2009&DOCID=142752&Keyword=%28%3Cmany%3E%3Cstem%3Eonion%3Cand%3E%3Cmany%3E%3Cstem%3Eprice%29&skin=pastissues2&AppName=2&ViewMode=GIF
26,http://epaper.timesofindia.com/Default/Scripting/ArticleWin.asp?From=Search&Key=TOIBG/2009/12/05/2/Ar00201.xml&CollName=TOI_BANGALORE_ARCHIVE_2009&DOCID=150006&Keyword=%28%3Cmany%3E%3Cstem%3Eonion%3Cand%3E%3Cmany%3E%3Cstem%3Eprice%29&skin=pastissues2&AppName=2&ViewMode=GIF
27,http://epaper.timesofindia.com/Default/Scripting/ArticleWin.asp?From=Search&Key=TOIBG/2010/01/01/18/Ar01803.xml&CollName=TOI_BANGALORE_ARCHIVE_2009&DOCID=162948&Keyword=%28<many><stem>onion<and><many><stem>price%29&skin=pastissues2&AppName=2&ViewMode=GIF
27,http://epaper.timesofindia.com/Default/Scripting/ArticleWin.asp?From=Search&Key=TOIBG/2010/01/01/18/Ar01803.xml&CollName=TOI_BANGALORE_ARCHIVE_2009&DOCID=162948&Keyword=%28<many><stem>onion<and><many><stem>price%29&skin=pastissues2&AppName=2&ViewMode=GIF
27,http://epaper.timesofindia.com/Default/Scripting/ArticleWin.asp?From=Search&Key=TOIBG/2010/01/01/18/Ar01803.xml&CollName=TOI_BANGALORE_ARCHIVE_2009&DOCID=162948&Keyword=%28<many><stem>onion<and><many><stem>price%29&skin=pastissues2&AppName=2&ViewMode=GIF
28,-
29,-
30,http://epaper.timesofindia.com/Default/Scripting/ArticleWin.asp?From=Search&Key=TOIBG/2010/11/14/1/Ar00103.xml&CollName=TOI_BANGALORE_ARCHIVE_2009&DOCID=312491&Keyword=%28%3Cmany%3E%3Cstem%3Eonion%3Cand%3E%3Cmany%3E%3Cstem%3Eprice%29&skin=pastissues2&AppName=2&ViewMode=GIF
31,http://epaper.timesofindia.com/Default/Scripting/ArticleWin.asp?From=Search&Key=TOIBG/2010/12/20/1/Ar00103.xml&CollName=TOI_BANGALORE_ARCHIVE_2009&DOCID=329132&Keyword=%28%3Cmany%3E%3Cstem%3Eonion%3Cand%3E%3Cmany%3E%3Cstem%3Eprice%29&skin=pastissues2&AppName=2&ViewMode=GIF
31,http://epaper.timesofindia.com/Default/Scripting/ArticleWin.asp?From=Search&Key=TOIBG/2010/12/21/1/Ar00107.xml&CollName=TOI_BANGALORE_ARCHIVE_2009&DOCID=329517&Keyword=%28<many><stem>onion<and><many><stem>price%29&skin=pastissues2&AppName=2&ViewMode=GIF
31,http://epaper.timesofindia.com/Default/Scripting/ArticleWin.asp?From=Search&Key=TOIBG/2010/12/21/1/Ar00107.xml&CollName=TOI_BANGALORE_ARCHIVE_2009&DOCID=329517&Keyword=%28<many><stem>onion<and><many><stem>price%29&skin=pastissues2&AppName=2&ViewMode=GIF
31,http://epaper.timesofindia.com/Default/Scripting/ArticleWin.asp?From=Search&Key=TOIBG/2010/12/21/1/Ar00107.xml&CollName=TOI_BANGALORE_ARCHIVE_2009&DOCID=329517&Keyword=%28<many><stem>onion<and><many><stem>price%29&skin=pastissues2&AppName=2&ViewMode=GIF
31,http://epaper.timesofindia.com/Default/Scripting/ArticleWin.asp?From=Search&Key=TOIBG/2010/12/21/1/Ar00107.xml&CollName=TOI_BANGALORE_ARCHIVE_2009&DOCID=329517&Keyword=%28<many><stem>onion<and><many><stem>price%29&skin=pastissues2&AppName=2&ViewMode=GIF
31,http://epaper.timesofindia.com/Default/Scripting/ArticleWin.asp?From=Search&Key=TOIBG/2010/12/21/1/Ar00107.xml&CollName=TOI_BANGALORE_ARCHIVE_2009&DOCID=329517&Keyword=%28<many><stem>onion<and><many><stem>price%29&skin=pastissues2&AppName=2&ViewMode=GIF
31,http://epaper.timesofindia.com/Default/Scripting/ArticleWin.asp?From=Search&Key=TOIBG/2010/12/23/4/Ar00403.xml&CollName=TOI_BANGALORE_ARCHIVE_2009&DOCID=330415&Keyword=%28%3Cmany%3E%3Cstem%3Eonion%3Cand%3E%3Cmany%3E%3Cstem%3Eprice%29&skin=pastissues2&AppName=2&ViewMode=GIF
31,http://epaper.timesofindia.com/Default/Scripting/ArticleWin.asp?From=Search&Key=TOIBG/2010/12/27/12/Ar01200.xml&CollName=TOI_BANGALORE_ARCHIVE_2009&DOCID=332455&Keyword=%28%3Cmany%3E%3Cstem%3Eonion%3Cand%3E%3Cmany%3E%3Cstem%3Eprice%29&skin=pastissues2&AppName=2&ViewMode=GIF
32,http://epaper.timesofindia.com/Default/Scripting/ArticleWin.asp?From=Search&Key=TOIBG/2011/01/09/4/Ar00402.xml&CollName=TOI_BANGALORE_ARCHIVE_2009&DOCID=337701&Keyword=%28%3Cmany%3E%3Cstem%3Eonion%3Cand%3E%3Cmany%3E%3Cstem%3Eprice%29&skin=pastissues2&AppName=2&ViewMode=GIF
32,http://epaper.timesofindia.com/Default/Scripting/ArticleWin.asp?From=Search&Key=TOIBG/2011/01/13/1/Ar00105.xml&CollName=TOI_BANGALORE_ARCHIVE_2009&DOCID=339375&Keyword=%28%3Cmany%3E%3Cstem%3Eonion%3Cand%3E%3Cmany%3E%3Cstem%3Eprice%29&skin=pastissues2&AppName=2&ViewMode=GIF
32,http://epaper.timesofindia.com/Default/Scripting/ArticleWin.asp?From=Search&Key=TOIBG/2011/01/14/1/Ar00102.xml&CollName=TOI_BANGALORE_ARCHIVE_2009&DOCID=339787&Keyword=%28%3Cmany%3E%3Cstem%3Eonion%3Cand%3E%3Cmany%3E%3Cstem%3Eprice%29&skin=pastissues2&AppName=2&ViewMode=GIF
32,http://epaper.timesofindia.com/Default/Scripting/ArticleWin.asp?From=Search&Key=TOIBG/2011/01/15/9/Ar00900.xml&CollName=TOI_BANGALORE_ARCHIVE_2009&DOCID=340457&Keyword=%28%3Cmany%3E%3Cstem%3Eonion%3Cand%3E%3Cmany%3E%3Cstem%3Eprice%29&skin=pastissues2&AppName=2&ViewMode=GIF
32,http://epaper.timesofindia.com/Default/Scripting/ArticleWin.asp?From=Search&Key=TOIBG/2011/01/15/4/Ar00402.xml&CollName=TOI_BANGALORE_ARCHIVE_2009&DOCID=340395&Keyword=%28%3Cmany%3E%3Cstem%3Eonion%3Cand%3E%3Cmany%3E%3Cstem%3Eprice%29&skin=pastissues2&AppName=2&ViewMode=GIF
32,http://epaper.timesofindia.com/Default/Scripting/ArticleWin.asp?From=Search&Key=TOIBG/2011/01/20/21/Ar02102.xml&CollName=TOI_BANGALORE_ARCHIVE_2009&DOCID=342799&Keyword=%28%3Cmany%3E%3Cstem%3Eonion%3Cand%3E%3Cmany%3E%3Cstem%3Eprice%29&skin=pastissues2&AppName=2&ViewMode=GIF
32,http://epaper.timesofindia.com/Default/Scripting/ArticleWin.asp?From=Search&Key=TOIBG/2011/02/04/10/Ar01002.xml&CollName=TOI_BANGALORE_ARCHIVE_2009&DOCID=350071&Keyword=%28%3Cmany%3E%3Cstem%3Eonion%3Cand%3E%3Cmany%3E%3Cstem%3Eprice%29&skin=pastissues2&AppName=2&ViewMode=GIF
33,-
34,-
35,http://epaper.timesofindia.com/Default/Scripting/ArticleWin.asp?From=Search&Key=TOIBG/2011/07/16/19/Ar01902.xml&CollName=TOI_BANGALORE_ARCHIVE_2009&DOCID=427600&Keyword=%28%3Cmany%3E%3Cstem%3Eonion%3Cand%3E%3Cmany%3E%3Cstem%3Eprice%29&skin=pastissues2&AppName=2&ViewMode=GIF
35,http://epaper.timesofindia.com/Default/Scripting/ArticleWin.asp?From=Search&Key=TOIBG/2011/08/23/2/Ar00200.xml&CollName=TOI_BANGALORE_ARCHIVE_2009&DOCID=444918&Keyword=%28%3Cmany%3E%3Cstem%3Eonion%3Cand%3E%3Cmany%3E%3Cstem%3Eprice%29&skin=pastissues2&AppName=2&ViewMode=GIF
36,-
37,-
38,-
39,-
40,http://epaper.timesofindia.com/Default/Scripting/ArticleWin.asp?From=Search&Key=TOIBG/2012/05/18/5/Ar00500.xml&CollName=TOI_BANGALORE_ARCHIVE_2009&DOCID=566660&Keyword=%28%3Cmany%3E%3Cstem%3Eonion%3Cand%3E%3Cmany%3E%3Cstem%3Eprice%29&skin=pastissues2&AppName=2&ViewMode=GIF
41,-
42,-
43,http://epaper.timesofindia.com/Default/Scripting/ArticleWin.asp?From=Search&Key=TOIBG/2012/12/27/9/Ar00900.xml&CollName=TOI_BANGALORE_ARCHIVE_2009&DOCID=662202&Keyword=%28%3Cmany%3E%3Cstem%3Eonion%3Cand%3E%3Cmany%3E%3Cstem%3Eprice%29&skin=pastissues2&AppName=2&ViewMode=GIF
44,http://epaper.timesofindia.com/Default/Scripting/ArticleWin.asp?From=Search&Key=TOIBG/2013/05/29/5/Ar00500.xml&CollName=TOI_BANGALORE_ARCHIVE_2009&DOCID=728634&Keyword=%28%3Cmany%3E%3Cstem%3Eonion%3Cand%3E%3Cmany%3E%3Cstem%3Eprice%29&skin=pastissues2&AppName=2&ViewMode=GIF
45,http://epaper.timesofindia.com/Default/Scripting/ArticleWin.asp?From=Search&Key=TOIBG/2013/08/11/2/Ar00200.xml&CollName=TOI_BANGALORE_ARCHIVE_2009&DOCID=760768&Keyword=%28%3Cmany%3E%3Cstem%3Eonion%3Cand%3E%3Cmany%3E%3Cstem%3Eprice%29&skin=pastissues2&AppName=2&ViewMode=GIF
45,http://epaper.timesofindia.com/Default/Scripting/ArticleWin.asp?From=Search&Key=TOIBG/2013/08/13/9/Ar00903.xml&CollName=TOI_BANGALORE_ARCHIVE_2009&DOCID=761615&Keyword=%28%3Cmany%3E%3Cstem%3Eonion%3Cand%3E%3Cmany%3E%3Cstem%3Eprice%29&skin=pastissues2&AppName=2&ViewMode=GIF
45,http://epaper.timesofindia.com/Default/Scripting/ArticleWin.asp?From=Search&Key=TOIBG/2013/09/14/18/Ar01804.xml&CollName=TOI_BANGALORE_ARCHIVE_2009&DOCID=774134&Keyword=%28%3Cmany%3E%3Cstem%3Eonion%3Cand%3E%3Cmany%3E%3Cstem%3Eprice%29&skin=pastissues2&AppName=2&ViewMode=GIF
45,http://epaper.timesofindia.com/Default/Scripting/ArticleWin.asp?From=Search&Key=TOIBG/2013/09/19/2/Ar00200.xml&CollName=TOI_BANGALORE_ARCHIVE_2009&DOCID=776006&Keyword=%28%3Cmany%3E%3Cstem%3Eonion%3Cand%3E%3Cmany%3E%3Cstem%3Eprice%29&skin=pastissues2&AppName=2&ViewMode=GIF
45,http://epaper.timesofindia.com/Default/Scripting/ArticleWin.asp?From=Search&Key=TOIBG/2013/09/20/13/Ar01308.xml&CollName=TOI_BANGALORE_ARCHIVE_2009&DOCID=776471&Keyword=%28%3Cmany%3E%3Cstem%3Eonion%3Cand%3E%3Cmany%3E%3Cstem%3Eprice%29&skin=pastissues2&AppName=2&ViewMode=GIF
46,http://epaper.timesofindia.com/Default/Scripting/ArticleWin.asp?From=Search&Key=TOIBG/2013/09/20/13/Ar01308.xml&CollName=TOI_BANGALORE_ARCHIVE_2009&DOCID=776471&Keyword=%28%3Cmany%3E%3Cstem%3Eonion%3Cand%3E%3Cmany%3E%3Cstem%3Eprice%29&skin=pastissues2&AppName=2&ViewMode=GIF
46,http://epaper.timesofindia.com/Default/Scripting/ArticleWin.asp?From=Search&Key=TOIBG/2013/10/23/13/Ar01300.xml&CollName=TOI_BANGALORE_ARCHIVE_2009&DOCID=790065&Keyword=%28%3Cmany%3E%3Cstem%3Eonion%3Cand%3E%3Cmany%3E%3Cstem%3Eprice%29&skin=pastissues2&AppName=2&ViewMode=GIF
46,http://epaper.timesofindia.com/Default/Scripting/ArticleWin.asp?From=Search&Key=TOIBG/2013/10/23/1/Ar00105.xml&CollName=TOI_BANGALORE_ARCHIVE_2009&DOCID=789920&Keyword=%28%3Cmany%3E%3Cstem%3Eonion%3Cand%3E%3Cmany%3E%3Cstem%3Eprice%29&skin=pastissues2&AppName=2&ViewMode=GIF
46,http://epaper.timesofindia.com/Default/Scripting/ArticleWin.asp?From=Search&Key=TOIBG/2013/10/25/12/Ar01200.xml&CollName=TOI_BANGALORE_ARCHIVE_2009&DOCID=790862&Keyword=%28%3Cmany%3E%3Cstem%3Eonion%3Cand%3E%3Cmany%3E%3Cstem%3Eprice%29&skin=pastissues2&AppName=2&ViewMode=GIF
47,http://epaper.timesofindia.com/Default/Scripting/ArticleWin.asp?From=Search&Key=TOIBG/2014/04/18/9/Ar00907.xml&CollName=TOI_BANGALORE_ARCHIVE_2009&DOCID=866756&Keyword=%28%3Cmany%3E%3Cstem%3Eonion%3Cand%3E%3Cmany%3E%3Cstem%3Eprice%29&skin=pastissues2&AppName=2&ViewMode=GIF
48,-
49,-
50,-
51,-
52,-
53,-
54,-
55,-
56,-
57,-
58,-
59,-
60,-
61,-
62,-
63,-
64,-
65,-
66,-
67,-
68,-
69,-
70,-
