0,http://epaper.timesofindia.com/Default/Scripting/ArticleWin.asp?From=Search&Key=CAP/2006/03/11/14/Ar01402.xml&CollName=TOI_DELHI_ARCHIVE_2006&DOCID=220534&Keyword=%28%3Cmany%3E%3Cstem%3EOnion%3Cand%3E%3Cmany%3E%3Cstem%3Eprice%29&skin=pastissues2&AppName=2&ViewMode=GIF
1,-
2,-
3,-
4,-
5,-
6,-
7,-
8,-
9,-
10,-
11,-
12,-
13,-
14,http://epaper.timesofindia.com/Default/Scripting/ArticleWin.asp?From=Search&Key=CAP/2007/07/05/5/Ar00500.xml&CollName=TOI_DELHI_ARCHIVE_2006&DOCID=71456&Keyword=%28%3Cmany%3E%3Cstem%3EOnion%3Cand%3E%3Cmany%3E%3Cstem%3Eprice%29&skin=pastissues2&AppName=2&ViewMode=GIF
15,http://epaper.timesofindia.com/Default/Scripting/ArticleWin.asp?From=Search&Key=CAP/2007/08/20/12/Ar01203.xml&CollName=TOI_DELHI_ARCHIVE_2006&DOCID=459676&Keyword=%28%3Cmany%3E%3Cstem%3EOnion%3Cand%3E%3Cmany%3E%3Cstem%3Eprice%29&skin=pastissues2&AppName=2&ViewMode=GIF
16,http://epaper.timesofindia.com/Default/Scripting/ArticleWin.asp?From=Search&Key=CAP/2007/09/29/4/Ar00402.xml&CollName=TOI_DELHI_ARCHIVE_2006&DOCID=488577&Keyword=%28%3Cmany%3E%3Cstem%3EOnion%3Cand%3E%3Cmany%3E%3Cstem%3Eprice%29&skin=pastissues2&AppName=2&ViewMode=GIF
16,http://epaper.timesofindia.com/Default/Scripting/ArticleWin.asp?From=Search&Key=CAP/2007/09/29/1/Ar00108.xml&CollName=TOI_DELHI_ARCHIVE_2006&DOCID=488552&Keyword=%28%3Cmany%3E%3Cstem%3EOnion%3Cand%3E%3Cmany%3E%3Cstem%3Eprice%29&skin=pastissues2&AppName=2&ViewMode=GIF
17,-
18,-
19,-
20,-
21,-
22,-
23,-
24,-
25,-
26,http://epaper.timesofindia.com/Default/Scripting/ArticleWin.asp?From=Search&Key=CAP/2008/09/26/3/Ar00302.xml&CollName=TOI_DELHI_ARCHIVE_2006&DOCID=827196&Keyword=%28%3Cmany%3E%3Cstem%3EOnion%3Cand%3E%3Cmany%3E%3Cstem%3Eprice%29&skin=pastissues2&AppName=2&ViewMode=GIF
27,http://epaper.timesofindia.com/Default/Scripting/ArticleWin.asp?From=Search&Key=CAP/2008/10/10/3/Ar00306.xml&CollName=TOI_DELHI_ARCHIVE_2006&DOCID=837370&Keyword=%28%3Cmany%3E%3Cstem%3EOnion%3Cand%3E%3Cmany%3E%3Cstem%3Eprice%29&skin=pastissues2&AppName=2&ViewMode=GIF
28,-
29,-
30,-
31,-
32,-
33,-
34,-
35,http://epaper.timesofindia.com/Default/Scripting/ArticleWin.asp?From=Search&Key=CAP/2009/08/09/4/Ar00401.xml&CollName=TOI_DELHI_ARCHIVE_2009&DOCID=128362&Keyword=%28%3Cmany%3E%3Cstem%3EOnion%3Cand%3E%3Cmany%3E%3Cstem%3Eprice%29&skin=pastissues2&AppName=2&ViewMode=GIF
36,http://epaper.timesofindia.com/Default/Scripting/ArticleWin.asp?From=Search&Key=CAP/2009/09/23/11/Ar01102.xml&CollName=TOI_DELHI_ARCHIVE_2009&DOCID=162281&Keyword=%28%3Cmany%3E%3Cstem%3EOnion%3Cand%3E%3Cmany%3E%3Cstem%3Eprice%29&skin=pastissues2&AppName=2&ViewMode=GIF
37,http://epaper.timesofindia.com/Default/Scripting/ArticleWin.asp?From=Search&Key=CAP/2009/10/07/2/Ar00201.xml&CollName=TOI_DELHI_ARCHIVE_2009&DOCID=171641&Keyword=%28%3Cmany%3E%3Cstem%3EOnion%3Cand%3E%3Cmany%3E%3Cstem%3Eprice%29&skin=pastissues2&AppName=2&ViewMode=GIF
38,http://epaper.timesofindia.com/Default/Scripting/ArticleWin.asp?From=Search&Key=CAP/2009/11/06/1/Ar00101.xml&CollName=TOI_DELHI_ARCHIVE_2009&DOCID=188733&Keyword=%28%3Cmany%3E%3Cstem%3EOnion%3Cand%3E%3Cmany%3E%3Cstem%3Eprice%29&skin=pastissues2&AppName=2&ViewMode=GIF
39,http://epaper.timesofindia.com/Default/Scripting/ArticleWin.asp?From=Search&Key=CAP/2009/11/28/2/Ar00200.xml&CollName=TOI_DELHI_ARCHIVE_2009&DOCID=201126&Keyword=%28%3Cmany%3E%3Cstem%3EOnion%3Cand%3E%3Cmany%3E%3Cstem%3Eprice%29&skin=pastissues2&AppName=2&ViewMode=GIF
40,-
41,-
42,-
43,http://epaper.timesofindia.com/Default/Scripting/ArticleWin.asp?From=Search&Key=CAP/2010/04/09/7/Ar00700.xml&CollName=TOI_DELHI_ARCHIVE_2009&DOCID=294214&Keyword=%28%3Cmany%3E%3Cstem%3EOnion%3Cand%3E%3Cmany%3E%3Cstem%3Eprice%29&skin=pastissues2&AppName=2&ViewMode=GIF
44,-
45,-
46,-
47,http://epaper.timesofindia.com/Default/Scripting/ArticleWin.asp?From=Search&Key=CAP%2F2010%2F09%2F07%2F1%2FAr00109%2Exml&CollName=TOI_DELHI_ARCHIVE_2009&DOCID=392904&Keyword=%28%3Cmany%3E%3Cstem%3EOnion%3Cand%3E%3Cmany%3E%3Cstem%3Eprice%29&skin=pastissues2&AppName=2&ViewMode=GIF&Continuation=1
47,http://epaper.timesofindia.com/Default/Scripting/ArticleWin.asp?From=Search&Key=CAP/2010/09/20/5/Ar00501.xml&CollName=TOI_DELHI_ARCHIVE_2009&DOCID=401136&Keyword=%28%3Cmany%3E%3Cstem%3EOnion%3Cand%3E%3Cmany%3E%3Cstem%3Eprice%29&skin=pastissues2&AppName=2&ViewMode=GIF
48,-
49,http://epaper.timesofindia.com/Default/Scripting/ArticleWin.asp?From=Search&Key=CAP/2010/12/23/1/Ar00100.xml&CollName=TOI_DELHI_ARCHIVE_2009&DOCID=458346&Keyword=%28%3Cmany%3E%3Cstem%3EOnion%3Cand%3E%3Cmany%3E%3Cstem%3Eprice%29&skin=pastissues2&AppName=2&ViewMode=GIF
49,http://epaper.timesofindia.com/Default/Scripting/ArticleWin.asp?From=Search&Key=CAP/2011/01/08/18/Ar01802.xml&CollName=TOI_DELHI_ARCHIVE_2009&DOCID=468619&Keyword=%28%3Cmany%3E%3Cstem%3EOnion%3Cand%3E%3Cmany%3E%3Cstem%3Eprice%29&skin=pastissues2&AppName=2&ViewMode=GIF
50,http://epaper.timesofindia.com/Default/Scripting/ArticleWin.asp?From=Search&Key=CAP/2010/12/23/3/Ar00300.xml&CollName=TOI_DELHI_ARCHIVE_2009&DOCID=458367&Keyword=%28%3Cmany%3E%3Cstem%3EOnion%3Cand%3E%3Cmany%3E%3Cstem%3Eprice%29&skin=pastissues2&AppName=2&ViewMode=GIF
50,http://epaper.timesofindia.com/Default/Scripting/ArticleWin.asp?From=Search&Key=CAP/2010/12/23/1/Ar00100.xml&CollName=TOI_DELHI_ARCHIVE_2009&DOCID=458346&Keyword=%28%3Cmany%3E%3Cstem%3EOnion%3Cand%3E%3Cmany%3E%3Cstem%3Eprice%29&skin=pastissues2&AppName=2&ViewMode=GIF
50,http://epaper.timesofindia.com/Default/Scripting/ArticleWin.asp?From=Search&Key=CAP/2010/12/27/7/Ar00704.xml&CollName=TOI_DELHI_ARCHIVE_2009&DOCID=461692&Keyword=%28%3Cmany%3E%3Cstem%3EOnion%3Cand%3E%3Cmany%3E%3Cstem%3Eprice%29&skin=pastissues2&AppName=2&ViewMode=GIF
50,http://epaper.timesofindia.com/Default/Scripting/ArticleWin.asp?From=Search&Key=CAP/2010/12/29/2/Ar00200.xml&CollName=TOI_DELHI_ARCHIVE_2009&DOCID=462476&Keyword=%28%3Cmany%3E%3Cstem%3EOnion%3Cand%3E%3Cmany%3E%3Cstem%3Eprice%29&skin=pastissues2&AppName=2&ViewMode=GIF
50,http://epaper.timesofindia.com/Default/Scripting/ArticleWin.asp?From=Search&Key=CAP/2011/01/11/3/Ar00300.xml&CollName=TOI_DELHI_ARCHIVE_2009&DOCID=470355&Keyword=%28%3Cmany%3E%3Cstem%3EOnion%3Cand%3E%3Cmany%3E%3Cstem%3Eprice%29&skin=pastissues2&AppName=2&ViewMode=GIF
50,http://epaper.timesofindia.com/Default/Scripting/ArticleWin.asp?From=Search&Key=CAP/2011/01/11/1/Ar00102.xml&CollName=TOI_DELHI_ARCHIVE_2009&DOCID=470327&Keyword=%28%3Cmany%3E%3Cstem%3EOnion%3Cand%3E%3Cmany%3E%3Cstem%3Eprice%29&skin=pastissues2&AppName=2&ViewMode=GIF
50,http://epaper.timesofindia.com/Default/Scripting/ArticleWin.asp?From=Search&Key=CAP/2011/01/12/7/Ar00700.xml&CollName=TOI_DELHI_ARCHIVE_2009&DOCID=470829&Keyword=%28%3Cmany%3E%3Cstem%3EOnion%3Cand%3E%3Cmany%3E%3Cstem%3Eprice%29&skin=pastissues2&AppName=2&ViewMode=GIF
51,http://epaper.timesofindia.com/Default/Scripting/ArticleWin.asp?From=Search&Key=CAP/2011/01/15/5/Ar00501.xml&CollName=TOI_DELHI_ARCHIVE_2009&DOCID=472538&Keyword=%28%3Cmany%3E%3Cstem%3EOnion%3Cand%3E%3Cmany%3E%3Cstem%3Eprice%29&skin=pastissues2&AppName=2&ViewMode=GIF
51,http://epaper.timesofindia.com/Default/Scripting/ArticleWin.asp?From=Search&Key=CAP/2011/02/04/3/Ar00300.xml&CollName=TOI_DELHI_ARCHIVE_2009&DOCID=485208&Keyword=%28%3Cmany%3E%3Cstem%3EOnion%3Cand%3E%3Cmany%3E%3Cstem%3Eprice%29&skin=pastissues2&AppName=2&ViewMode=GIF
51,http://epaper.timesofindia.com/Default/Scripting/ArticleWin.asp?From=Search&Key=CAP/2011/02/18/25/Ar02505.xml&CollName=TOI_DELHI_ARCHIVE_2009&DOCID=496577&Keyword=%28%3Cmany%3E%3Cstem%3EOnion%3Cand%3E%3Cmany%3E%3Cstem%3Eprice%29&skin=pastissues2&AppName=2&ViewMode=GIF
52,-
53,-
54,-
55,-
56,http://epaper.timesofindia.com/Default/Scripting/ArticleWin.asp?From=Search&Key=CAP/2011/08/26/21/Ar02104.xml&CollName=TOI_DELHI_ARCHIVE_2009&DOCID=621784&Keyword=%28%3Cmany%3E%3Cstem%3EOnion%3Cand%3E%3Cmany%3E%3Cstem%3Eprice%29&skin=pastissues2&AppName=2&ViewMode=GIF
56,http://epaper.timesofindia.com/Default/Scripting/ArticleWin.asp?From=Search&Key=CAP/2011/08/26/21/Ar02104.xml&CollName=TOI_DELHI_ARCHIVE_2009&DOCID=621784&Keyword=%28%3Cmany%3E%3Cstem%3EOnion%3Cand%3E%3Cmany%3E%3Cstem%3Eprice%29&skin=pastissues2&AppName=2&ViewMode=GIF
57,-
58,-
59,-
60,-
61,http://epaper.timesofindia.com/Default/Scripting/ArticleWin.asp?From=Search&Key=CAP/2012/04/17/1/Ar00104.xml&CollName=TOI_DELHI_ARCHIVE_2009&DOCID=757698&Keyword=%28%3Cmany%3E%3Cstem%3EOnion%3Cand%3E%3Cmany%3E%3Cstem%3Eprice%29&skin=pastissues2&AppName=2&ViewMode=GIF
62,-
63,http://epaper.timesofindia.com/Default/Scripting/ArticleWin.asp?From=Search&Key=CAP/2012/07/21/3/Ar00300.xml&CollName=TOI_DELHI_ARCHIVE_2009&DOCID=809892&Keyword=%28%3Cmany%3E%3Cstem%3EOnion%3Cand%3E%3Cmany%3E%3Cstem%3Eprice%29&skin=pastissues2&AppName=2&ViewMode=GIF
64,-
65,-
66,http://epaper.timesofindia.com/Default/Scripting/ArticleWin.asp?From=Search&Key=CAP/2012/12/27/10/Ar01003.xml&CollName=TOI_DELHI_ARCHIVE_2009&DOCID=898019&Keyword=%28%3Cmany%3E%3Cstem%3EOnion%3Cand%3E%3Cmany%3E%3Cstem%3Eprice%29&skin=pastissues2&AppName=2&ViewMode=GIF
67,http://epaper.timesofindia.com/Default/Scripting/ArticleWin.asp?From=Search&Key=CAP/2013/02/06/3/Ar00300.xml&CollName=TOI_DELHI_ARCHIVE_2009&DOCID=919353&Keyword=%28%3Cmany%3E%3Cstem%3EOnion%3Cand%3E%3Cmany%3E%3Cstem%3Eprice%29&skin=pastissues2&AppName=2&ViewMode=GIF
68,-
69,-
70,http://epaper.timesofindia.com/Default/Scripting/ArticleWin.asp?From=Search&Key=CAP/2013/07/19/7/Ar00700.xml&CollName=TOI_DELHI_ARCHIVE_2009&DOCID=1009367&Keyword=%28%3Cmany%3E%3Cstem%3EOnion%3Cand%3E%3Cmany%3E%3Cstem%3Eprice%29&skin=pastissues2&AppName=2&ViewMode=GIF
71,http://epaper.timesofindia.com/Default/Scripting/ArticleWin.asp?From=Search&Key=CAP/2013/08/12/7/Ar00705.xml&CollName=TOI_DELHI_ARCHIVE_2009&DOCID=1022508&Keyword=%28%3Cmany%3E%3Cstem%3EOnion%3Cand%3E%3Cmany%3E%3Cstem%3Eprice%29&skin=pastissues2&AppName=2&ViewMode=GIF
71,http://epaper.timesofindia.com/Default/Scripting/ArticleWin.asp?From=Search&Key=CAP/2013/08/13/2/Ar00203.xml&CollName=TOI_DELHI_ARCHIVE_2009&DOCID=1022938&Keyword=%28%3Cmany%3E%3Cstem%3EOnion%3Cand%3E%3Cmany%3E%3Cstem%3Eprice%29&skin=pastissues2&AppName=2&ViewMode=GIF
71,http://epaper.timesofindia.com/Default/Scripting/ArticleWin.asp?From=Search&Key=CAP/2013/08/13/1/Ar00110.xml&CollName=TOI_DELHI_ARCHIVE_2009&DOCID=1022931&Keyword=%28%3Cmany%3E%3Cstem%3EOnion%3Cand%3E%3Cmany%3E%3Cstem%3Eprice%29&skin=pastissues2&AppName=2&ViewMode=GIF
71,http://epaper.timesofindia.com/Default/Scripting/ArticleWin.asp?From=Search&Key=CAP/2013/09/14/11/Ar01104.xml&CollName=TOI_DELHI_ARCHIVE_2009&DOCID=1039981&Keyword=%28%3Cmany%3E%3Cstem%3EOnion%3Cand%3E%3Cmany%3E%3Cstem%3Eprice%29&skin=pastissues2&AppName=2&ViewMode=GIF
72,http://epaper.timesofindia.com/Default/Scripting/ArticleWin.asp?From=Search&Key=CAP/2013/08/14/11/Ar01101.xml&CollName=TOI_DELHI_ARCHIVE_2009&DOCID=1023464&Keyword=%28%3Cmany%3E%3Cstem%3EOnion%3Cand%3E%3Cmany%3E%3Cstem%3Eprice%29&skin=pastissues2&AppName=2&ViewMode=GIF
72,http://epaper.timesofindia.com/Default/Scripting/ArticleWin.asp?From=Search&Key=CAP/2013/08/17/2/Ar00204.xml&CollName=TOI_DELHI_ARCHIVE_2009&DOCID=1024890&Keyword=%28%3Cmany%3E%3Cstem%3EOnion%3Cand%3E%3Cmany%3E%3Cstem%3Eprice%29&skin=pastissues2&AppName=2&ViewMode=GIF
72,http://epaper.timesofindia.com/Default/Scripting/ArticleWin.asp?From=Search&Key=CAP/2013/08/17/1/Ar00103.xml&CollName=TOI_DELHI_ARCHIVE_2009&DOCID=1024873&Keyword=%28%3Cmany%3E%3Cstem%3EOnion%3Cand%3E%3Cmany%3E%3Cstem%3Eprice%29&skin=pastissues2&AppName=2&ViewMode=GIF
72,http://epaper.timesofindia.com/Default/Scripting/ArticleWin.asp?From=Search&Key=CAP/2013/08/20/7/Ar00701.xml&CollName=TOI_DELHI_ARCHIVE_2009&DOCID=1026594&Keyword=%28%3Cmany%3E%3Cstem%3EOnion%3Cand%3E%3Cmany%3E%3Cstem%3Eprice%29&skin=pastissues2&AppName=2&ViewMode=GIF
72,http://epaper.timesofindia.com/Default/Scripting/ArticleWin.asp?From=Search&Key=CAP/2013/08/25/17/Ar01700.xml&CollName=TOI_DELHI_ARCHIVE_2009&DOCID=1029260&Keyword=%28%3Cmany%3E%3Cstem%3EOnion%3Cand%3E%3Cmany%3E%3Cstem%3Eprice%29&skin=pastissues2&AppName=2&ViewMode=GIF
72,http://epaper.timesofindia.com/Default/Scripting/ArticleWin.asp?From=Search&Key=CAP/2013/09/18/3/Ar00304.xml&CollName=TOI_DELHI_ARCHIVE_2009&DOCID=1041988&Keyword=%28%3Cmany%3E%3Cstem%3EOnion%3Cand%3E%3Cmany%3E%3Cstem%3Eprice%29&skin=pastissues2&AppName=2&ViewMode=GIF
72,http://epaper.timesofindia.com/Default/Scripting/ArticleWin.asp?From=Search&Key=CAP/2013/09/19/8/Ar00801.xml&CollName=TOI_DELHI_ARCHIVE_2009&DOCID=1042645&Keyword=%28%3Cmany%3E%3Cstem%3EOnion%3Cand%3E%3Cmany%3E%3Cstem%3Eprice%29&skin=pastissues2&AppName=2&ViewMode=GIF
72,http://epaper.timesofindia.com/Default/Scripting/ArticleWin.asp?From=Search&Key=CAP/2013/09/19/8/Ar00800.xml&CollName=TOI_DELHI_ARCHIVE_2009&DOCID=1042644&Keyword=%28%3Cmany%3E%3Cstem%3EOnion%3Cand%3E%3Cmany%3E%3Cstem%3Eprice%29&skin=pastissues2&AppName=2&ViewMode=GIF
73,http://epaper.timesofindia.com/Default/Scripting/ArticleWin.asp?From=Search&Key=CAP/2013/10/15/12/Ar01204.xml&CollName=TOI_DELHI_ARCHIVE_2009&DOCID=1056832&Keyword=%28%3Cmany%3E%3Cstem%3EOnion%3Cand%3E%3Cmany%3E%3Cstem%3Eprice%29&skin=pastissues2&AppName=2&ViewMode=GIF
73,http://epaper.timesofindia.com/Default/Scripting/ArticleWin.asp?From=Search&Key=CAP%2F2013%2F10%2F22%2F3%2FAr00307%2Exml&CollName=TOI_DELHI_ARCHIVE_2009&DOCID=1060522&Keyword=%28%3Cmany%3E%3Cstem%3EOnion%3Cand%3E%3Cmany%3E%3Cstem%3Eprice%29&skin=pastissues2&AppName=2&ViewMode=GIF&Continuation=1
73,http://epaper.timesofindia.com/Default/Scripting/ArticleWin.asp?From=Search&Key=CAP%2F2013%2F10%2F22%2F3%2FAr00307%2Exml&CollName=TOI_DELHI_ARCHIVE_2009&DOCID=1060522&Keyword=%28%3Cmany%3E%3Cstem%3EOnion%3Cand%3E%3Cmany%3E%3Cstem%3Eprice%29&skin=pastissues2&AppName=2&ViewMode=GIF&Continuation=1
74,http://epaper.timesofindia.com/Default/Scripting/ArticleWin.asp?From=Search&Key=CAP/2013/10/23/3/Ar00301.xml&CollName=TOI_DELHI_ARCHIVE_2009&DOCID=1060941&Keyword=%28%3Cmany%3E%3Cstem%3EOnion%3Cand%3E%3Cmany%3E%3Cstem%3Eprice%29&skin=pastissues2&AppName=2&ViewMode=GIF
74,http://epaper.timesofindia.com/Default/Scripting/ArticleWin.asp?From=Search&Key=CAP/2013/10/24/13/Ar01304.xml&CollName=TOI_DELHI_ARCHIVE_2009&DOCID=1061620&Keyword=%28%3Cmany%3E%3Cstem%3EOnion%3Cand%3E%3Cmany%3E%3Cstem%3Eprice%29&skin=pastissues2&AppName=2&ViewMode=GIF
74,http://epaper.timesofindia.com/Default/Scripting/ArticleWin.asp?From=Search&Key=CAP/2013/10/24/11/Ar01102.xml&CollName=TOI_DELHI_ARCHIVE_2009&DOCID=1061595&Keyword=%28%3Cmany%3E%3Cstem%3EOnion%3Cand%3E%3Cmany%3E%3Cstem%3Eprice%29&skin=pastissues2&AppName=2&ViewMode=GIF
74,http://epaper.timesofindia.com/Default/Scripting/ArticleWin.asp?From=Search&Key=CAP/2013/10/25/12/Ar01200.xml&CollName=TOI_DELHI_ARCHIVE_2009&DOCID=1062111&Keyword=%28%3Cmany%3E%3Cstem%3EOnion%3Cand%3E%3Cmany%3E%3Cstem%3Eprice%29&skin=pastissues2&AppName=2&ViewMode=GIF
74,http://epaper.timesofindia.com/Default/Scripting/ArticleWin.asp?From=Search&Key=CAP/2013/11/13/13/Ar01301.xml&CollName=TOI_DELHI_ARCHIVE_2009&DOCID=1073347&Keyword=%28%3Cmany%3E%3Cstem%3EOnion%3Cand%3E%3Cmany%3E%3Cstem%3Eprice%29&skin=pastissues2&AppName=2&ViewMode=GIF
74,http://epaper.timesofindia.com/Default/Scripting/ArticleWin.asp?From=Search&Key=CAP/2013/10/24/8/Ar00800.xml&CollName=TOI_DELHI_ARCHIVE_2009&DOCID=1061560&Keyword=%28%3Cmany%3E%3Cstem%3EOnion%3Cand%3E%3Cmany%3E%3Cstem%3Eprice%29&skin=pastissues2&AppName=2&ViewMode=GIF
75,-
76,-
77,http://epaper.timesofindia.com/Default/Scripting/ArticleWin.asp?From=Search&Key=CAP/2014/04/18/13/Ar01303.xml&CollName=TOI_DELHI_ARCHIVE_2009&DOCID=1154908&Keyword=%28%3Cmany%3E%3Cstem%3EOnion%3Cand%3E%3Cmany%3E%3Cstem%3Eprice%29&skin=pastissues2&AppName=2&ViewMode=GIF
78,http://epaperbeta.timesofindia.com/Article.aspx?eid=31808&articlexml=Veggie-prices-soar-across-country-18062014011005
78,http://epaperbeta.timesofindia.com/Article.aspx?eid=31808&articlexml=Veggie-prices-soar-across-country-18062014011005
78,http://epaperbeta.timesofindia.com/Article.aspx?eid=31808&articlexml=Set-up-special-courts-to-try-hoarders-PM-27062014009026
78,http://epaperbeta.timesofindia.com/Article.aspx?eid=31808&articlexml=Retail-onion-prices-soar-to-double-of-wholesale-30062014001050
78,http://epaperbeta.timesofindia.com/Article.aspx?eid=31808&articlexml=TIMES-IMPACT-Rein-in-onion-retailers-states-told-01072014013046
78,http://epaperbeta.timesofindia.com/Article.aspx?eid=31808&articlexml=Farmers-traders-fear-harvest-delay-stock-onions-03072014011023
78,http://epaperbeta.timesofindia.com/Article.aspx?eid=31808&articlexml=Wholesale-retail-price-gap-behind-stern-govt-step-03072014011029
78,http://epaperbeta.timesofindia.com/Article.aspx?eid=31808&articlexml=Govt-plans-NBW-against-hoarders-to-curb-prices-05072014001077
78,http://epaperbeta.timesofindia.com/Article.aspx?eid=31808&articlexml=NO-FIXED-LIMIT-Govt-hasnt-defined-hoarding-say-07072014002033
79,-
80,http://epaperbeta.timesofindia.com/Article.aspx?eid=31808&articlexml=Centre-to-import-onions-to-keep-prices-in-11092014015026
81,-
82,-
83,http://epaperbeta.timesofindia.com/Article.aspx?eid=31808&articlexml=Veggie-prices-rise-as-rain-hits-crops-17032015002010
83,http://epaperbeta.timesofindia.com/Article.aspx?eid=31808&articlexml=Veggie-prices-go-up-60-from-mandi-to-25032015013020
84,-
85,http://epaperbeta.timesofindia.com/Article.aspx?eid=31808&articlexml=Onion-export-price-up-on-output-drop-fears-27062015013011
85,http://epaperbeta.timesofindia.com/Article.aspx?eid=31808&articlexml=Rising-food-prices-worry-govt-09072015012005
86,http://epaperbeta.timesofindia.com/Article.aspx?eid=31808&articlexml=Retail-chains-are-charging-higher-people-in-a-21072015002040
86,http://epaperbeta.timesofindia.com/Article.aspx?eid=31808&articlexml=Price-control-10k-tonnes-of-onions-to-be-26072015005031
87,http://epaperbeta.timesofindia.com/Article.aspx?eid=31808&articlexml=With-140-hike-onion-prices-hit-22-mth-14082015013039
87,http://epaperbeta.timesofindia.com/Article.aspx?eid=31808&articlexml=Onion-prices-may-cross-Rs-100kg-mark-22082015011014
87,http://epaperbeta.timesofindia.com/Article.aspx?eid=31808&articlexml=Onion-prices-highest-in-city-23082015007024
88,-
89,-
90,-
91,-
92,-
93,-
94,-
95,-
96,-
97,-
98,-
99,-
100,-
101,-
102,http://epaperbeta.timesofindia.com/Article.aspx?eid=31808&articlexml=Wholesale-price-of-onion-rises-80-in-a-04082017012008
102,http://epaperbeta.timesofindia.com/Article.aspx?eid=31808&articlexml=Remove-onion-export-sops-to-rein-in-prices-12082017021036
102,http://epaperbeta.timesofindia.com/Article.aspx?eid=31808&articlexml=Spl-raids-to-prevent-onion-hoarding-19082017008032
103,-
104,http://epaperbeta.timesofindia.com/Article.aspx?eid=31808&articlexml=Onion-prices-to-soar-further-this-Diwali-10102017011015
104,http://epaperbeta.timesofindia.com/Article.aspx?eid=31808&articlexml=At-Rs-50-onion-again-making-Delhiites-cry-15102017004008, http://epaperbeta.timesofindia.com/Article.aspx?eid=31808&articlexml=70-crop-loss-feared-due-to-rains-veggie-15102017015047

