0,-
1,-
2,http://epaper.timesofindia.com/Default/Scripting/ArticleWin.asp?From=Search&Key=TOIL/2006/06/20/3/Ar00302.xml&CollName=TOI_LUCKNOW_ARCHIVE_2006&DOCID=145843&Keyword=%28%3Cmany%3E%3Cstem%3EOnion%3Cand%3E%3Cmany%3E%3Cstem%3Eprice%29&skin=pastissues2&AppName=2&ViewMode=GIF
2,http://epaper.timesofindia.com/Default/Scripting/ArticleWin.asp?From=Search&Key=TOIL/2006/06/25/2/Ar00201.xml&CollName=TOI_LUCKNOW_ARCHIVE_2006&DOCID=147317&Keyword=%28%3Cmany%3E%3Cstem%3EOnion%3Cand%3E%3Cmany%3E%3Cstem%3Eprice%29&skin=pastissues2&AppName=2&ViewMode=GIF
3,-
4,-
5,-
6,-
7,-
8,-
9,http://epaper.timesofindia.com/Default/Scripting/ArticleWin.asp?From=Search&Key=TOIL/2007/02/13/3/Ar00303.xml&CollName=TOI_LUCKNOW_ARCHIVE_2006&DOCID=46635&Keyword=%28%3Cmany%3E%3Cstem%3EOnion%3Cand%3E%3Cmany%3E%3Cstem%3Eprice%29&skin=pastissues2&AppName=2&ViewMode=GIF
10,-
11,-
12,http://epaper.timesofindia.com/Default/Scripting/ArticleWin.asp?From=Search&Key=TOIL/2007/10/04/3/Ar00301.xml&CollName=TOI_LUCKNOW_ARCHIVE_2006&DOCID=241253&Keyword=%28%3Cmany%3E%3Cstem%3EOnion%3Cand%3E%3Cmany%3E%3Cstem%3Eprice%29&skin=pastissues2&AppName=2&ViewMode=GIF
13,http://epaper.timesofindia.com/Default/Scripting/ArticleWin.asp?From=Search&Key=TOIL/2007/10/04/3/Ar00301.xml&CollName=TOI_LUCKNOW_ARCHIVE_2006&DOCID=241253&Keyword=%28%3Cmany%3E%3Cstem%3EOnion%3Cand%3E%3Cmany%3E%3Cstem%3Eprice%29&skin=pastissues2&AppName=2&ViewMode=GIF
14,-
15,-
16,-
17,http://epaper.timesofindia.com/Default/Scripting/ArticleWin.asp?From=Search&Key=TOIL/2008/04/14/5/Ar00503.xml&CollName=TOI_LUCKNOW_ARCHIVE_2006&DOCID=309496&Keyword=%28%3Cmany%3E%3Cstem%3EOnion%3Cand%3E%3Cmany%3E%3Cstem%3Eprice%29&skin=pastissues2&AppName=2&ViewMode=GIF
18,-
19,-
20,-
21,-
22,-
23,-
24,-
25,-
26,-
27,-
28,http://epaper.timesofindia.com/Default/Scripting/ArticleWin.asp?From=Search&Key=TOIL/2009/07/16/3/Ar00303.xml&CollName=TOI_LUCKNOW_ARCHIVE_2009&DOCID=51758&Keyword=%28%3Cmany%3E%3Cstem%3EOnion%3Cand%3E%3Cmany%3E%3Cstem%3Eprice%29&skin=pastissues2&AppName=2&ViewMode=GIF
28,http://epaper.timesofindia.com/Default/Scripting/ArticleWin.asp?From=Search&Key=TOIL/2009/07/19/3/Ar00302.xml&CollName=TOI_LUCKNOW_ARCHIVE_2009&DOCID=52640&Keyword=%28%3Cmany%3E%3Cstem%3EOnion%3Cand%3E%3Cmany%3E%3Cstem%3Eprice%29&skin=pastissues2&AppName=2&ViewMode=GIF
29,-
30,http://epaper.timesofindia.com/Default/Scripting/ArticleWin.asp?From=Search&Key=TOIL/2009/12/19/5/Ar00502.xml&CollName=TOI_LUCKNOW_ARCHIVE_2009&DOCID=100374&Keyword=%28%3Cmany%3E%3Cstem%3EOnion%3Cand%3E%3Cmany%3E%3Cstem%3Eprice%29&skin=pastissues2&AppName=2&ViewMode=GIF
31,http://epaper.timesofindia.com/Default/Scripting/ArticleWin.asp?From=Search&Key=TOIL/2010/01/14/1/Ar00102.xml&CollName=TOI_LUCKNOW_ARCHIVE_2009&DOCID=108832&Keyword=%28%3Cmany%3E%3Cstem%3EOnion%3Cand%3E%3Cmany%3E%3Cstem%3Eprice%29&skin=pastissues2&AppName=2&ViewMode=GIF
32,-
33,-
34,-
35,http://epaper.timesofindia.com/Default/Scripting/ArticleWin.asp?From=Search&Key=TOIL/2010/09/25/2/Ar00200.xml&CollName=TOI_LUCKNOW_ARCHIVE_2009&DOCID=198262&Keyword=%28%3Cmany%3E%3Cstem%3EOnion%3Cand%3E%3Cmany%3E%3Cstem%3Eprice%29&skin=pastissues2&AppName=2&ViewMode=GIF
36,http://epaper.timesofindia.com/Default/Scripting/ArticleWin.asp?From=Search&Key=TOIL/2010/11/12/15/Ar01502.xml&CollName=TOI_LUCKNOW_ARCHIVE_2009&DOCID=215227&Keyword=%28%3Cmany%3E%3Cstem%3EOnion%3Cand%3E%3Cmany%3E%3Cstem%3Eprice%29&skin=pastissues2&AppName=2&ViewMode=GIF
37,http://epaper.timesofindia.com/Default/Scripting/ArticleWin.asp?From=Search&Key=TOIL/2010/12/21/1/Ar00100.xml&CollName=TOI_LUCKNOW_ARCHIVE_2009&DOCID=227832&Keyword=%28%3Cmany%3E%3Cstem%3EOnion%3Cand%3E%3Cmany%3E%3Cstem%3Eprice%29&skin=pastissues2&AppName=2&ViewMode=GIF
37,http://epaper.timesofindia.com/Default/Scripting/ArticleWin.asp?From=Search&Key=TOIL/2010/12/22/12/Ar01205.xml&CollName=TOI_LUCKNOW_ARCHIVE_2009&DOCID=228298&Keyword=%28%3Cmany%3E%3Cstem%3EOnion%3Cand%3E%3Cmany%3E%3Cstem%3Eprice%29&skin=pastissues2&AppName=2&ViewMode=GIF
37,http://epaper.timesofindia.com/Default/Scripting/ArticleWin.asp?From=Search&Key=TOIL/2010/12/24/1/Ar00110.xml&CollName=TOI_LUCKNOW_ARCHIVE_2009&DOCID=228826&Keyword=%28%3Cmany%3E%3Cstem%3EOnion%3Cand%3E%3Cmany%3E%3Cstem%3Eprice%29&skin=pastissues2&AppName=2&ViewMode=GIF
37,http://epaper.timesofindia.com/Default/Scripting/ArticleWin.asp?From=Search&Key=TOIL/2010/12/31/1/Ar00106.xml&CollName=TOI_LUCKNOW_ARCHIVE_2009&DOCID=231449&Keyword=%28%3Cmany%3E%3Cstem%3EOnion%3Cand%3E%3Cmany%3E%3Cstem%3Eprice%29&skin=pastissues2&AppName=2&ViewMode=GIF
37,http://epaper.timesofindia.com/Default/Scripting/ArticleWin.asp?From=Search&Key=TOIL/2011/01/07/5/Ar00500.xml&CollName=TOI_LUCKNOW_ARCHIVE_2009&DOCID=233801&Keyword=%28%3Cmany%3E%3Cstem%3EOnion%3Cand%3E%3Cmany%3E%3Cstem%3Eprice%29&skin=pastissues2&AppName=2&ViewMode=GIF
37,http://epaper.timesofindia.com/Default/Scripting/ArticleWin.asp?From=Search&Key=TOIL%2F2011%2F01%2F07%2F1%2FAr00107%2Exml&CollName=TOI_LUCKNOW_ARCHIVE_2009&DOCID=233781&Keyword=%28%3Cmany%3E%3Cstem%3EOnion%3Cand%3E%3Cmany%3E%3Cstem%3Eprice%29&skin=pastissues2&AppName=2&ViewMode=GIF&Continuation=1
38,http://epaper.timesofindia.com/Default/Scripting/ArticleWin.asp?From=Search&Key=TOIL/2011/01/08/5/Ar00501.xml&CollName=TOI_LUCKNOW_ARCHIVE_2009&DOCID=234136&Keyword=%28%3Cmany%3E%3Cstem%3EOnion%3Cand%3E%3Cmany%3E%3Cstem%3Eprice%29&skin=pastissues2&AppName=2&ViewMode=GIF
38,http://epaper.timesofindia.com/Default/Scripting/ArticleWin.asp?From=Search&Key=TOIL/2011/01/09/1/Ar00105.xml&CollName=TOI_LUCKNOW_ARCHIVE_2009&DOCID=234450&Keyword=%28%3Cmany%3E%3Cstem%3EOnion%3Cand%3E%3Cmany%3E%3Cstem%3Eprice%29&skin=pastissues2&AppName=2&ViewMode=GIF
38,http://epaper.timesofindia.com/Default/Scripting/ArticleWin.asp?From=Search&Key=TOIL/2011/01/10/2/Ar00200.xml&CollName=TOI_LUCKNOW_ARCHIVE_2009&DOCID=234859&Keyword=%28%3Cmany%3E%3Cstem%3EOnion%3Cand%3E%3Cmany%3E%3Cstem%3Eprice%29&skin=pastissues2&AppName=2&ViewMode=GIF
38,http://epaper.timesofindia.com/Default/Scripting/ArticleWin.asp?From=Search&Key=TOIL/2011/01/11/1/Ar00100.xml&CollName=TOI_LUCKNOW_ARCHIVE_2009&DOCID=235160&Keyword=%28%3Cmany%3E%3Cstem%3EOnion%3Cand%3E%3Cmany%3E%3Cstem%3Eprice%29&skin=pastissues2&AppName=2&ViewMode=GIF
39,-
40,-
41,-
42,-
43,-
44,-
45,-
46,-
47,-
48,http://epaper.timesofindia.com/Default/Scripting/ArticleWin.asp?From=Search&Key=TOIL%2F2012%2F07%2F28%2F4%2FAr00400%2Exml&CollName=TOI_LUCKNOW_ARCHIVE_2009&DOCID=431004&Keyword=%28%3Cmany%3E%3Cstem%3EOnion%3Cand%3E%3Cmany%3E%3Cstem%3Eprice%29&skin=pastissues2&AppName=2&ViewMode=HTML
49,-
50,-
51,-
52,http://epaper.timesofindia.com/Default/Scripting/ArticleWin.asp?From=Search&Key=TOIL/2013/02/03/2/Ar00205.xml&CollName=TOI_LUCKNOW_ARCHIVE_2009&DOCID=494824&Keyword=%28%3Cmany%3E%3Cstem%3EOnion%3Cand%3E%3Cmany%3E%3Cstem%3Eprice%29&skin=pastissues2&AppName=2&ViewMode=GIF
53,-
54,-
55,http://epaper.timesofindia.com/Default/Scripting/ArticleWin.asp?From=Search&Key=TOIL/2013/08/17/1/Ar00104.xml&CollName=TOI_LUCKNOW_ARCHIVE_2009&DOCID=564107&Keyword=%28%3Cmany%3E%3Cstem%3EOnion%3Cand%3E%3Cmany%3E%3Cstem%3Eprice%29&skin=pastissues2&AppName=2&ViewMode=GIF
55,http://epaper.timesofindia.com/Default/Scripting/ArticleWin.asp?From=Search&Key=TOIL/2013/08/17/1/Ar00104.xml&CollName=TOI_LUCKNOW_ARCHIVE_2009&DOCID=564107&Keyword=%28%3Cmany%3E%3Cstem%3EOnion%3Cand%3E%3Cmany%3E%3Cstem%3Eprice%29&skin=pastissues2&AppName=2&ViewMode=GIF
55,http://epaper.timesofindia.com/Default/Scripting/ArticleWin.asp?From=Search&Key=TOIL/2013/08/20/11/Ar01105.xml&CollName=TOI_LUCKNOW_ARCHIVE_2009&DOCID=565352&Keyword=%28%3Cmany%3E%3Cstem%3EOnion%3Cand%3E%3Cmany%3E%3Cstem%3Eprice%29&skin=pastissues2&AppName=2&ViewMode=GIF
55,http://epaper.timesofindia.com/Default/Scripting/ArticleWin.asp?From=Search&Key=TOIL/2013/08/25/6/Ar00600.xml&CollName=TOI_LUCKNOW_ARCHIVE_2009&DOCID=566907&Keyword=%28%3Cmany%3E%3Cstem%3EOnion%3Cand%3E%3Cmany%3E%3Cstem%3Eprice%29&skin=pastissues2&AppName=2&ViewMode=GIF
56,http://epaper.timesofindia.com/Default/Scripting/ArticleWin.asp?From=Search&Key=TOIL/2013/09/17/10/Ar01001.xml&CollName=TOI_LUCKNOW_ARCHIVE_2009&DOCID=574635&Keyword=%28%3Cmany%3E%3Cstem%3EOnion%3Cand%3E%3Cmany%3E%3Cstem%3Eprice%29&skin=pastissues2&AppName=2&ViewMode=GIF
56,http://epaper.timesofindia.com/Default/Scripting/ArticleWin.asp?From=Search&Key=TOIL/2013/09/17/3/Ar00304.xml&CollName=TOI_LUCKNOW_ARCHIVE_2009&DOCID=574553&Keyword=%28%3Cmany%3E%3Cstem%3EOnion%3Cand%3E%3Cmany%3E%3Cstem%3Eprice%29&skin=pastissues2&AppName=2&ViewMode=GIF
56,http://epaper.timesofindia.com/Default/Scripting/ArticleWin.asp?From=Search&Key=TOIL/2013/09/18/1/Ar00108.xml&CollName=TOI_LUCKNOW_ARCHIVE_2009&DOCID=574832&Keyword=%28%3Cmany%3E%3Cstem%3EOnion%3Cand%3E%3Cmany%3E%3Cstem%3Eprice%29&skin=pastissues2&AppName=2&ViewMode=GIF
56,http://epaper.timesofindia.com/Default/Scripting/ArticleWin.asp?From=Search&Key=TOIL/2013/09/19/5/Ar00506.xml&CollName=TOI_LUCKNOW_ARCHIVE_2009&DOCID=575209&Keyword=%28%3Cmany%3E%3Cstem%3EOnion%3Cand%3E%3Cmany%3E%3Cstem%3Eprice%29&skin=pastissues2&AppName=2&ViewMode=GIF
56,http://epaper.timesofindia.com/Default/Scripting/ArticleWin.asp?From=Search&Key=TOIL/2013/09/20/10/Ar01000.xml&CollName=TOI_LUCKNOW_ARCHIVE_2009&DOCID=575550&Keyword=%28%3Cmany%3E%3Cstem%3EOnion%3Cand%3E%3Cmany%3E%3Cstem%3Eprice%29&skin=pastissues2&AppName=2&ViewMode=GIF
57,http://epaper.timesofindia.com/Default/Scripting/ArticleWin.asp?From=Search&Key=TOIL/2013/10/22/11/Ar01107.xml&CollName=TOI_LUCKNOW_ARCHIVE_2009&DOCID=585943&Keyword=%28%3Cmany%3E%3Cstem%3EOnion%3Cand%3E%3Cmany%3E%3Cstem%3Eprice%29&skin=pastissues2&AppName=2&ViewMode=GIF
57,http://epaper.timesofindia.com/Default/Scripting/ArticleWin.asp?From=Search&Key=TOIL/2013/10/23/1/Ar00105.xml&CollName=TOI_LUCKNOW_ARCHIVE_2009&DOCID=586097&Keyword=%28%3Cmany%3E%3Cstem%3EOnion%3Cand%3E%3Cmany%3E%3Cstem%3Eprice%29&skin=pastissues2&AppName=2&ViewMode=GIF
57,http://epaper.timesofindia.com/Default/Scripting/ArticleWin.asp?From=Search&Key=TOIL/2013/10/24/12/Ar01200.xml&CollName=TOI_LUCKNOW_ARCHIVE_2009&DOCID=586600&Keyword=%28%3Cmany%3E%3Cstem%3EOnion%3Cand%3E%3Cmany%3E%3Cstem%3Eprice%29&skin=pastissues2&AppName=2&ViewMode=GIF
57,http://epaper.timesofindia.com/Default/Scripting/ArticleWin.asp?From=Search&Key=TOIL/2013/10/25/4/Ar00400.xml&CollName=TOI_LUCKNOW_ARCHIVE_2009&DOCID=586782&Keyword=%28%3Cmany%3E%3Cstem%3EOnion%3Cand%3E%3Cmany%3E%3Cstem%3Eprice%29&skin=pastissues2&AppName=2&ViewMode=GIF
58,http://epaper.timesofindia.com/Default/Scripting/ArticleWin.asp?From=Search&Key=TOIL/2014/01/11/7/Ar00702.xml&CollName=TOI_LUCKNOW_ARCHIVE_2009&DOCID=611971&Keyword=%28%3Cmany%3E%3Cstem%3EOnion%3Cand%3E%3Cmany%3E%3Cstem%3Eprice%29&skin=pastissues2&AppName=2&ViewMode=GIF
59,http://epaper.timesofindia.com/Default/Scripting/ArticleWin.asp?From=Search&Key=TOIL/2014/03/07/5/Ar00502.xml&CollName=TOI_LUCKNOW_ARCHIVE_2009&DOCID=630947&Keyword=%28%3Cmany%3E%3Cstem%3EOnion%3Cand%3E%3Cmany%3E%3Cstem%3Eprice%29&skin=pastissues2&AppName=2&ViewMode=GIF
60,http://epaper.timesofindia.com/Default/Scripting/ArticleWin.asp?From=Search&Key=TOIL/2014/04/18/6/Ar00607.xml&CollName=TOI_LUCKNOW_ARCHIVE_2009&DOCID=643842&Keyword=%28%3Cmany%3E%3Cstem%3EOnion%3Cand%3E%3Cmany%3E%3Cstem%3Eprice%29&skin=pastissues2&AppName=2&ViewMode=GIF
61,-
62,-
63,-
64,-
65,-
66,-
67,-
68,http://epaperbeta.timesofindia.com/Article.aspx?eid=31813&articlexml=Onion-export-price-up-on-output-drop-fears-27062015005031
69,http://epaperbeta.timesofindia.com/Article.aspx?eid=31813&articlexml=Onion-prices-up-govt-to-import-10000-tonne-03082015009009
69,http://epaperbeta.timesofindia.com/Article.aspx?eid=31813&articlexml=Rain-poor-supply-hit-onion-prices-07082015002037
70,http://epaperbeta.timesofindia.com/Article.aspx?eid=31813&articlexml=Onion-prices-may-cross-Rs100kg-mark-22082015013025
71,-
72,-
73,-
74,-
75,-
76,-
77,-
78,-
79,-
80,-
81,-
82,-
83,http://epaperbeta.timesofindia.com/Article.aspx?eid=31813&articlexml=Wholesale-onion-price-surges-118-28072017010027
83,http://epaperbeta.timesofindia.com/Article.aspx?eid=31813&articlexml=Wholesale-onion-price-surges-118-28072017010027
84,http://epaperbeta.timesofindia.com/Article.aspx?eid=31813&articlexml=Wholesale-onion-price-surges-118-28072017010027
85,http://epaperbeta.timesofindia.com/Article.aspx?eid=31813&articlexml=70-crop-loss-feared-due-to-rains-veggie-15102017009044


