0,http://epaper.timesofindia.com/Default/Scripting/ArticleWin.asp?From=Search&Key=TOIM/2006/03/11/13/Ar01300.xml&CollName=TOI_MUMBAI_ARCHIVE_2006&DOCID=176457&Keyword=%28%3Cmany%3E%3Cstem%3EOnion%3Cand%3E%3Cmany%3E%3Cstem%3Eprice%29&skin=pastissues2&AppName=2&ViewMode=GIF
1,-
2,http://epaper.timesofindia.com/Default/Scripting/ArticleWin.asp?From=Search&Key=TOIM/2006/06/16/4/Ar00401.xml&CollName=TOI_MUMBAI_ARCHIVE_2006&DOCID=129101&Keyword=%28%3Cmany%3E%3Cstem%3EOnion%3Cand%3E%3Cmany%3E%3Cstem%3Eprice%29&skin=pastissues2&AppName=2&ViewMode=GIF
2,http://epaper.timesofindia.com/Default/Scripting/ArticleWin.asp?From=Search&Key=TOIM/2006/06/29/4/Ar00401.xml&CollName=TOI_MUMBAI_ARCHIVE_2006&DOCID=136213&Keyword=%28%3Cmany%3E%3Cstem%3EOnion%3Cand%3E%3Cmany%3E%3Cstem%3Eprice%29&skin=pastissues2&AppName=2&ViewMode=GIF
3,-
4,-
5,http://epaper.timesofindia.com/Default/Scripting/ArticleWin.asp?From=Search&Key=TOIM/2006/11/12/4/Ar00405.xml&CollName=TOI_MUMBAI_ARCHIVE_2006&DOCID=311054&Keyword=%28%3Cmany%3E%3Cstem%3EOnion%3Cand%3E%3Cmany%3E%3Cstem%3Eprice%29&skin=pastissues2&AppName=2&ViewMode=GIF
6,-
7,http://epaper.timesofindia.com/Default/Scripting/ArticleWin.asp?From=Search&Key=TOIM/2007/02/27/7/Ar00700.xml&CollName=TOI_MUMBAI_ARCHIVE_2006&DOCID=408375&Keyword=%28%3Cmany%3E%3Cstem%3EOnion%3Cand%3E%3Cmany%3E%3Cstem%3Eprice%29&skin=pastissues2&AppName=2&ViewMode=GIF
8,-
9,-
10,-
11,http://epaper.timesofindia.com/Default/Scripting/ArticleWin.asp?From=Search&Key=TOIM/2007/08/20/28/Ar02804.xml&CollName=TOI_MUMBAI_ARCHIVE_2006&DOCID=527471&Keyword=%28%3Cmany%3E%3Cstem%3EOnion%3Cand%3E%3Cmany%3E%3Cstem%3Eprice%29&skin=pastissues2&AppName=2&ViewMode=GIF
12,http://epaper.timesofindia.com/Default/Scripting/ArticleWin.asp?From=Search&Key=TOIM/2007/10/01/9/Ar00901.xml&CollName=TOI_MUMBAI_ARCHIVE_2006&DOCID=555255&Keyword=%28%3Cmany%3E%3Cstem%3EOnion%3Cand%3E%3Cmany%3E%3Cstem%3Eprice%29&skin=pastissues2&AppName=2&ViewMode=GIF
13,http://epaper.timesofindia.com/Default/Scripting/ArticleWin.asp?From=Search&Key=TOIM/2007/09/24/4/Ar00404.xml&CollName=TOI_MUMBAI_ARCHIVE_2006&DOCID=549970&Keyword=%28%3Cmany%3E%3Cstem%3EOnion%3Cand%3E%3Cmany%3E%3Cstem%3Eprice%29&skin=pastissues2&AppName=2&ViewMode=GIF
13,http://epaper.timesofindia.com/Default/Scripting/ArticleWin.asp?From=Search&Key=TOIM/2007/10/07/3/Ar00300.xml&CollName=TOI_MUMBAI_ARCHIVE_2006&DOCID=559029&Keyword=%28%3Cmany%3E%3Cstem%3EOnion%3Cand%3E%3Cmany%3E%3Cstem%3Eprice%29&skin=pastissues2&AppName=2&ViewMode=GIF
13,http://epaper.timesofindia.com/Default/Scripting/ArticleWin.asp?From=Search&Key=TOIM/2007/10/14/4/Ar00400.xml&CollName=TOI_MUMBAI_ARCHIVE_2006&DOCID=566129&Keyword=%28%3Cmany%3E%3Cstem%3EOnion%3Cand%3E%3Cmany%3E%3Cstem%3Eprice%29&skin=pastissues2&AppName=2&ViewMode=GIF
14,-
15,-
16,http://epaper.timesofindia.com/Default/Scripting/ArticleWin.asp?From=Search&Key=TOIM/2008/04/07/2/Ar00201.xml&CollName=TOI_MUMBAI_ARCHIVE_2006&DOCID=683642&Keyword=%28%3Cmany%3E%3Cstem%3EOnion%3Cand%3E%3Cmany%3E%3Cstem%3Eprice%29&skin=pastissues2&AppName=2&ViewMode=GIF
17,http://epaper.timesofindia.com/Default/Scripting/ArticleWin.asp?From=Search&Key=TOIM/2008/06/05/2/Ar00200.xml&CollName=TOI_MUMBAI_ARCHIVE_2006&DOCID=725496&Keyword=%28%3Cmany%3E%3Cstem%3EOnion%3Cand%3E%3Cmany%3E%3Cstem%3Eprice%29&skin=pastissues2&AppName=2&ViewMode=GIF
18,-
19,-
20,http://epaper.timesofindia.com/Default/Scripting/ArticleWin.asp?From=Search&Key=TOIM/2008/11/22/2/Ar00206.xml&CollName=TOI_MUMBAI_ARCHIVE_2006&DOCID=835096&Keyword=%28%3Cmany%3E%3Cstem%3EOnion%3Cand%3E%3Cmany%3E%3Cstem%3Eprice%29&skin=pastissues2&AppName=2&ViewMode=GIF
21,http://epaper.timesofindia.com/Default/Scripting/ArticleWin.asp?From=Search&Key=TOIM/2009/01/05/4/Ar00402.xml&CollName=TOI_MUMBAI_ARCHIVE_2009&DOCID=26251&Keyword=%28%3Cmany%3E%3Cstem%3EOnion%3Cand%3E%3Cmany%3E%3Cstem%3Eprice%29&skin=pastissues2&AppName=2&ViewMode=GIF
22,-
23,-
24,-
25,-
26,-
27,http://epaper.timesofindia.com/Default/Scripting/ArticleWin.asp?From=Search&Key=TOIM/2009/10/07/14/Ar01400.xml&CollName=TOI_MUMBAI_ARCHIVE_2009&DOCID=145504&Keyword=%28%3Cmany%3E%3Cstem%3EOnion%3Cand%3E%3Cmany%3E%3Cstem%3Eprice%29&skin=pastissues2&AppName=2&ViewMode=GIF
28,-
29,http://epaper.timesofindia.com/Default/Scripting/ArticleWin.asp?From=Search&Key=TOIM/2009/12/09/14/Ar01401.xml&CollName=TOI_MUMBAI_ARCHIVE_2009&DOCID=178527&Keyword=%28%3Cmany%3E%3Cstem%3EOnion%3Cand%3E%3Cmany%3E%3Cstem%3Eprice%29&skin=pastissues2&AppName=2&ViewMode=GIF
30,-
31,-
32,-
33,-
34,-
35,-
36,http://epaper.timesofindia.com/Default/Scripting/ArticleWin.asp?From=Search&Key=TOIM/2010/11/16/5/Ar00502.xml&CollName=TOI_MUMBAI_ARCHIVE_2009&DOCID=397350&Keyword=%28%3Cmany%3E%3Cstem%3Eonion%3Cand%3E%3Cmany%3E%3Cstem%3Eprice%29&skin=pastissues2&AppName=2&ViewMode=GIF
36,http://epaper.timesofindia.com/Default/Scripting/ArticleWin.asp?From=Search&Key=TOIM/2010/11/19/24/Ar02409.xml&CollName=TOI_MUMBAI_ARCHIVE_2009&DOCID=399112&Keyword=%28%3Cmany%3E%3Cstem%3Eonion%3Cand%3E%3Cmany%3E%3Cstem%3Eprice%29&skin=pastissues2&AppName=2&ViewMode=GIF
36,http://epaper.timesofindia.com/Default/Scripting/ArticleWin.asp?From=Search&Key=TOIM/2010/12/09/3/Ar00300.xml&CollName=TOI_MUMBAI_ARCHIVE_2009&DOCID=409860&Keyword=%28%3Cmany%3E%3Cstem%3Eonion%3Cand%3E%3Cmany%3E%3Cstem%3Eprice%29&skin=pastissues2&AppName=2&ViewMode=GIF
36,http://epaper.timesofindia.com/Default/Scripting/ArticleWin.asp?From=Search&Key=TOIM/2010/12/10/2/Ar00201.xml&CollName=TOI_MUMBAI_ARCHIVE_2009&DOCID=410334&Keyword=%28%3Cmany%3E%3Cstem%3Eonion%3Cand%3E%3Cmany%3E%3Cstem%3Eprice%29&skin=pastissues2&AppName=2&ViewMode=GIF
37,http://epaper.timesofindia.com/Default/Scripting/ArticleWin.asp?From=Search&Key=TOIM/2010/12/21/14/Ar01400.xml&CollName=TOI_MUMBAI_ARCHIVE_2009&DOCID=418037&Keyword=%28%3Cmany%3E%3Cstem%3Eonion%3Cand%3E%3Cmany%3E%3Cstem%3Eprice%29&skin=pastissues2&AppName=2&ViewMode=GIF
37,http://epaper.timesofindia.com/Default/Scripting/ArticleWin.asp?From=Search&Key=TOIM/2010/12/22/2/Ar00201.xml&CollName=TOI_MUMBAI_ARCHIVE_2009&DOCID=418354&Keyword=%28%3Cmany%3E%3Cstem%3Eonion%3Cand%3E%3Cmany%3E%3Cstem%3Eprice%29&skin=pastissues2&AppName=2&ViewMode=GIF
37,http://epaper.timesofindia.com/Default/Scripting/ArticleWin.asp?From=Search&Key=TOIM/2010/12/22/1/Ar00106.xml&CollName=TOI_MUMBAI_ARCHIVE_2009&DOCID=418335&Keyword=%28%3Cmany%3E%3Cstem%3Eonion%3Cand%3E%3Cmany%3E%3Cstem%3Eprice%29&skin=pastissues2&AppName=2&ViewMode=GIF
37,http://epaper.timesofindia.com/Default/Scripting/ArticleWin.asp?From=Search&Key=TOIM/2010/12/23/15/Ar01500.xml&CollName=TOI_MUMBAI_ARCHIVE_2009&DOCID=419692&Keyword=%28%3Cmany%3E%3Cstem%3Eonion%3Cand%3E%3Cmany%3E%3Cstem%3Eprice%29&skin=pastissues2&AppName=2&ViewMode=GIF
37,http://epaper.timesofindia.com/Default/Scripting/ArticleWin.asp?From=Search&Key=TOIM/2010/12/23/1/Ar00100.xml&CollName=TOI_MUMBAI_ARCHIVE_2009&DOCID=419511&Keyword=%28%3Cmany%3E%3Cstem%3Eonion%3Cand%3E%3Cmany%3E%3Cstem%3Eprice%29&skin=pastissues2&AppName=2&ViewMode=GIF
37,http://epaper.timesofindia.com/Default/Scripting/ArticleWin.asp?From=Search&Key=TOIM/2010/12/24/10/Ar01000.xml&CollName=TOI_MUMBAI_ARCHIVE_2009&DOCID=420149&Keyword=%28%3Cmany%3E%3Cstem%3Eonion%3Cand%3E%3Cmany%3E%3Cstem%3Eprice%29&skin=pastissues2&AppName=2&ViewMode=GIF
37,http://epaper.timesofindia.com/Default/Scripting/ArticleWin.asp?From=Search&Key=TOIM/2010/12/25/12/Ar01203.xml&CollName=TOI_MUMBAI_ARCHIVE_2009&DOCID=420859&Keyword=%28%3Cmany%3E%3Cstem%3Eonion%3Cand%3E%3Cmany%3E%3Cstem%3Eprice%29&skin=pastissues2&AppName=2&ViewMode=GIF
37,http://epaper.timesofindia.com/Default/Scripting/ArticleWin.asp?From=Search&Key=TOIM/2010/12/25/4/Ar00400.xml&CollName=TOI_MUMBAI_ARCHIVE_2009&DOCID=420764&Keyword=%28%3Cmany%3E%3Cstem%3Eonion%3Cand%3E%3Cmany%3E%3Cstem%3Eprice%29&skin=pastissues2&AppName=2&ViewMode=GIF
38,http://epaper.timesofindia.com/Default/Scripting/ArticleWin.asp?From=Search&Key=TOIM/2010/12/25/4/Ar00400.xml&CollName=TOI_MUMBAI_ARCHIVE_2009&DOCID=420764&Keyword=%28%3Cmany%3E%3Cstem%3Eonion%3Cand%3E%3Cmany%3E%3Cstem%3Eprice%29&skin=pastissues2&AppName=2&ViewMode=GIF
39,-
40,-
41,-
42,-
43,-
44,-
45,-
46,-
47,-
48,-
49,-
50,-
51,-
52,-
53,http://epaper.timesofindia.com/Default/Scripting/ArticleWin.asp?From=Search&Key=TOIM/2013/06/30/2/Ar00201.xml&CollName=TOI_MUMBAI_ARCHIVE_2009&DOCID=933702&Keyword=%28%3Cmany%3E%3Cstem%3EOnion%3Cand%3E%3Cmany%3E%3Cstem%3Eprice%29&skin=pastissues2&AppName=2&ViewMode=GIF
53,http://epaper.timesofindia.com/Default/Scripting/ArticleWin.asp?From=Search&Key=TOIM/2013/06/30/1/Ar00104.xml&CollName=TOI_MUMBAI_ARCHIVE_2009&DOCID=933691&Keyword=%28%3Cmany%3E%3Cstem%3EOnion%3Cand%3E%3Cmany%3E%3Cstem%3Eprice%29&skin=pastissues2&AppName=2&ViewMode=GIF
53,http://epaper.timesofindia.com/Default/Scripting/ArticleWin.asp?From=Search&Key=TOIM/2013/07/07/3/Ar00305.xml&CollName=TOI_MUMBAI_ARCHIVE_2009&DOCID=937167&Keyword=%28%3Cmany%3E%3Cstem%3EOnion%3Cand%3E%3Cmany%3E%3Cstem%3Eprice%29&skin=pastissues2&AppName=2&ViewMode=GIF
54,http://epaper.timesofindia.com/Default/Scripting/ArticleWin.asp?From=Search&Key=TOIM%2F2013%2F08%2F13%2F1%2FAr00107%2Exml&CollName=TOI_MUMBAI_ARCHIVE_2009&DOCID=954979&Keyword=%28%3Cmany%3E%3Cstem%3EOnion%3Cand%3E%3Cmany%3E%3Cstem%3Eprice%29&skin=pastissues2&AppName=2&ViewMode=GIF&Continuation=1
54,http://epaper.timesofindia.com/Default/Scripting/ArticleWin.asp?From=Search&Key=TOIM/2013/08/14/2/Ar00203.xml&CollName=TOI_MUMBAI_ARCHIVE_2009&DOCID=955382&Keyword=%28%3Cmany%3E%3Cstem%3EOnion%3Cand%3E%3Cmany%3E%3Cstem%3Eprice%29&skin=pastissues2&AppName=2&ViewMode=GIF
54,http://epaper.timesofindia.com/Default/Scripting/ArticleWin.asp?From=Search&Key=TOIM/2013/08/14/2/Ar00201.xml&CollName=TOI_MUMBAI_ARCHIVE_2009&DOCID=955380&Keyword=%28%3Cmany%3E%3Cstem%3EOnion%3Cand%3E%3Cmany%3E%3Cstem%3Eprice%29&skin=pastissues2&AppName=2&ViewMode=GIF
54,http://epaper.timesofindia.com/Default/Scripting/ArticleWin.asp?From=Search&Key=TOIM/2013/08/14/1/Ar00106.xml&CollName=TOI_MUMBAI_ARCHIVE_2009&DOCID=955369&Keyword=%28%3Cmany%3E%3Cstem%3EOnion%3Cand%3E%3Cmany%3E%3Cstem%3Eprice%29&skin=pastissues2&AppName=2&ViewMode=GIF
54,http://epaper.timesofindia.com/Default/Scripting/ArticleWin.asp?From=Search&Key=TOIM/2013/08/15/8/Ar00808.xml&CollName=TOI_MUMBAI_ARCHIVE_2009&DOCID=955974&Keyword=%28%3Cmany%3E%3Cstem%3EOnion%3Cand%3E%3Cmany%3E%3Cstem%3Eprice%29&skin=pastissues2&AppName=2&ViewMode=GIF
54,http://epaper.timesofindia.com/Default/Scripting/ArticleWin.asp?From=Search&Key=TOIM/2013/08/17/11/Ar01100.xml&CollName=TOI_MUMBAI_ARCHIVE_2009&DOCID=957078&Keyword=%28%3Cmany%3E%3Cstem%3EOnion%3Cand%3E%3Cmany%3E%3Cstem%3Eprice%29&skin=pastissues2&AppName=2&ViewMode=GIF
54,http://epaper.timesofindia.com/Default/Scripting/ArticleWin.asp?From=Search&Key=TOIM/2013/08/24/13/Ar01301.xml&CollName=TOI_MUMBAI_ARCHIVE_2009&DOCID=960279&Keyword=%28%3Cmany%3E%3Cstem%3EOnion%3Cand%3E%3Cmany%3E%3Cstem%3Eprice%29&skin=pastissues2&AppName=2&ViewMode=GIF
55,http://epaper.timesofindia.com/Default/Scripting/ArticleWin.asp?From=Search&Key=TOIM/2013/09/08/2/Ar00205.xml&CollName=TOI_MUMBAI_ARCHIVE_2009&DOCID=967781&Keyword=%28%3Cmany%3E%3Cstem%3EOnion%3Cand%3E%3Cmany%3E%3Cstem%3Eprice%29&skin=pastissues2&AppName=2&ViewMode=GIF
55,http://epaper.timesofindia.com/Default/Scripting/ArticleWin.asp?From=Search&Key=TOIM/2013/09/14/11/Ar01104.xml&CollName=TOI_MUMBAI_ARCHIVE_2009&DOCID=970249&Keyword=%28%3Cmany%3E%3Cstem%3EOnion%3Cand%3E%3Cmany%3E%3Cstem%3Eprice%29&skin=pastissues2&AppName=2&ViewMode=GIF
55,http://epaper.timesofindia.com/Default/Scripting/ArticleWin.asp?From=Search&Key=TOIM/2013/09/17/7/Ar00703.xml&CollName=TOI_MUMBAI_ARCHIVE_2009&DOCID=972154&Keyword=%28%3Cmany%3E%3Cstem%3EOnion%3Cand%3E%3Cmany%3E%3Cstem%3Eprice%29&skin=pastissues2&AppName=2&ViewMode=GIF
55,http://epaper.timesofindia.com/Default/Scripting/ArticleWin.asp?From=Search&Key=TOIM/2013/09/18/2/Ar00203.xml&CollName=TOI_MUMBAI_ARCHIVE_2009&DOCID=972490&Keyword=%28%3Cmany%3E%3Cstem%3EOnion%3Cand%3E%3Cmany%3E%3Cstem%3Eprice%29&skin=pastissues2&AppName=2&ViewMode=GIF
55,http://epaper.timesofindia.com/Default/Scripting/ArticleWin.asp?From=Search&Key=TOIM/2013/09/20/2/Ar00202.xml&CollName=TOI_MUMBAI_ARCHIVE_2009&DOCID=972978&Keyword=%28%3Cmany%3E%3Cstem%3EOnion%3Cand%3E%3Cmany%3E%3Cstem%3Eprice%29&skin=pastissues2&AppName=2&ViewMode=GIF
55,http://epaper.timesofindia.com/Default/Scripting/ArticleWin.asp?From=Search&Key=TOIM/2013/09/21/6/Ar00605.xml&CollName=TOI_MUMBAI_ARCHIVE_2009&DOCID=973581&Keyword=%28%3Cmany%3E%3Cstem%3EOnion%3Cand%3E%3Cmany%3E%3Cstem%3Eprice%29&skin=pastissues2&AppName=2&ViewMode=GIF
56,http://epaper.timesofindia.com/Default/Scripting/ArticleWin.asp?From=Search&Key=TOIM/2013/10/15/5/Ar00501.xml&CollName=TOI_MUMBAI_ARCHIVE_2009&DOCID=985384&Keyword=%28%3Cmany%3E%3Cstem%3EOnion%3Cand%3E%3Cmany%3E%3Cstem%3Eprice%29&skin=pastissues2&AppName=2&ViewMode=GIF
56,http://epaper.timesofindia.com/Default/Scripting/ArticleWin.asp?From=Search&Key=TOIM/2013/10/17/4/Ar00404.xml&CollName=TOI_MUMBAI_ARCHIVE_2009&DOCID=986362&Keyword=%28%3Cmany%3E%3Cstem%3EOnion%3Cand%3E%3Cmany%3E%3Cstem%3Eprice%29&skin=pastissues2&AppName=2&ViewMode=GIF
56,http://epaper.timesofindia.com/Default/Scripting/ArticleWin.asp?From=Search&Key=TOIM/2013/10/24/10/Ar01000.xml&CollName=TOI_MUMBAI_ARCHIVE_2009&DOCID=990126&Keyword=%28%3Cmany%3E%3Cstem%3EOnion%3Cand%3E%3Cmany%3E%3Cstem%3Eprice%29&skin=pastissues2&AppName=2&ViewMode=GIF
56,http://epaper.timesofindia.com/Default/Scripting/ArticleWin.asp?From=Search&Key=TOIM/2013/10/24/4/Ar00402.xml&CollName=TOI_MUMBAI_ARCHIVE_2009&DOCID=990052&Keyword=%28%3Cmany%3E%3Cstem%3EOnion%3Cand%3E%3Cmany%3E%3Cstem%3Eprice%29&skin=pastissues2&AppName=2&ViewMode=GIF
56,http://epaper.timesofindia.com/Default/Scripting/ArticleWin.asp?From=Search&Key=TOIM/2013/10/25/18/Ar01803.xml&CollName=TOI_MUMBAI_ARCHIVE_2009&DOCID=991537&Keyword=%28%3Cmany%3E%3Cstem%3EOnion%3Cand%3E%3Cmany%3E%3Cstem%3Eprice%29&skin=pastissues2&AppName=2&ViewMode=GIF
56,http://epaper.timesofindia.com/Default/Scripting/ArticleWin.asp?From=Search&Key=TOIM/2013/10/25/6/Ar00603.xml&CollName=TOI_MUMBAI_ARCHIVE_2009&DOCID=991368&Keyword=%28%3Cmany%3E%3Cstem%3EOnion%3Cand%3E%3Cmany%3E%3Cstem%3Eprice%29&skin=pastissues2&AppName=2&ViewMode=GIF
57,http://epaper.timesofindia.com/Default/Scripting/ArticleWin.asp?From=Search&Key=TOIM/2013/11/14/17/Ar01701.xml&CollName=TOI_MUMBAI_ARCHIVE_2009&DOCID=1002154&Keyword=%28%3Cmany%3E%3Cstem%3EOnion%3Cand%3E%3Cmany%3E%3Cstem%3Eprice%29&skin=pastissues2&AppName=2&ViewMode=GIF
57,http://epaper.timesofindia.com/Default/Scripting/ArticleWin.asp?From=Search&Key=TOIM/2013/12/15/4/Ar00405.xml&CollName=TOI_MUMBAI_ARCHIVE_2009&DOCID=1017480&Keyword=%28%3Cmany%3E%3Cstem%3EOnion%3Cand%3E%3Cmany%3E%3Cstem%3Eprice%29&skin=pastissues2&AppName=2&ViewMode=GIF
58,-
59,http://epaperbeta.timesofindia.com/Article.aspx?eid=31804&articlexml=Hailstorm-hits-onion-produce-prices-up-40-18042014009047
59,http://epaperbeta.timesofindia.com/Article.aspx?eid=31804&articlexml=Hail-hit-farmer-suicides-No-relief-for-many-31052014017032
60,http://epaperbeta.timesofindia.com/Article.aspx?eid=31804&articlexml=Speculation-in-food-prices-likely-to-end-01062014008027
60,http://epaperbeta.timesofindia.com/Article.aspx?eid=31804&articlexml=NO-SHORTAGE-OF-PRODUCE-Govt-taking-no-chances-11062014006015
60,http://epaperbeta.timesofindia.com/Article.aspx?eid=31804&articlexml=Food-prices-soar-on-speculation-over-delayed-rains-11062014001076
61,http://epaperbeta.timesofindia.com/Article.aspx?eid=31804&articlexml=Onion-prices-spike-despite-record-yield-20062014009010
61,http://epaperbeta.timesofindia.com/Article.aspx?eid=31804&articlexml=Dont-panic-over-onion-prices-yet-APMC-25062014002041
61,http://epaperbeta.timesofindia.com/Article.aspx?eid=31804&articlexml=Nashik-and-Raj-onion-supplies-may-fall-in-30062014013030
61,http://epaperbeta.timesofindia.com/Article.aspx?eid=31840&articlexml=EXPERT-SPEAK-Food-inflation-Of-onion-tears-and-04072014020037
61,http://epaperbeta.timesofindia.com/Article.aspx?eid=31804&articlexml=Govt-limit-on-potato-onion-stocks-to-check-03072014009015
61,http://epaperbeta.timesofindia.com/Article.aspx?eid=31840&articlexml=Govt-plans-NBW-against-hoarders-to-curb-prices-05072014013019
61,http://epaperbeta.timesofindia.com/Article.aspx?eid=31804&articlexml=Can-NDA-rein-in-black-marketeers-07072014008005
62,http://epaperbeta.timesofindia.com/Article.aspx?eid=31804&articlexml=To-curb-prices-Centre-plans-to-import-onions-11092014011040
63,-
64,-
65,-
66,-
67,-
68,http://epaperbeta.timesofindia.com/Article.aspx?eid=31804&articlexml=Onion-export-price-up-on-crop-damage-fears-27062015015036
68,http://epaperbeta.timesofindia.com/Article.aspx?eid=31840&articlexml=To-curb-onion-price-rise-govt-extends-stock-02072015015049
69,http://epaperbeta.timesofindia.com/Article.aspx?eid=31804&articlexml=Prices-rise-20-as-farmers-hoard-onions-20072015009050
69,http://epaperbeta.timesofindia.com/Article.aspx?eid=31840&articlexml=RAPID-RISE-In-3-days-wholesale-onion-prices-23072015017070
69,http://epaperbeta.timesofindia.com/Article.aspx?eid=31804&articlexml=Onion-prices-soar-50-Pak-imports-on-cards-03082015008034
70,http://epaperbeta.timesofindia.com/Article.aspx?eid=31804&articlexml=With-140-hike-onion-prices-hit-22-month-14082015015031
70,http://epaperbeta.timesofindia.com/Article.aspx?eid=31804&articlexml=Onion-stings-at-Rs-60-a-kg-ginger-19082015003024
70,http://epaperbeta.timesofindia.com/Article.aspx?eid=31804&articlexml=CRYING-OVER-ONIONS-20082015110041
70,http://epaperbeta.timesofindia.com/Article.aspx?eid=31840&articlexml=All-time-high-Prices-at-Rs-5700-in-23082015015076
70,http://epaperbeta.timesofindia.com/Article.aspx?eid=31840&articlexml=All-time-high-Prices-at-Rs-5700-in-23082015015076
71,http://epaperbeta.timesofindia.com/Article.aspx?eid=31840&articlexml=All-time-high-Prices-at-Rs-5700-in-23082015015076
72,-
73,-
74,-
75,-
76,-
77,-
78,-
79,-
80,-
81,-
82,-
83,-
84,-
85,-
86,-
87,http://epaperbeta.timesofindia.com/Article.aspx?eid=31839&articlexml=Second-day-of-farmers-stir-takes-prices-high-03062017002013
87,http://epaperbeta.timesofindia.com/Article.aspx?eid=31839&articlexml=Second-day-of-farmers-stir-takes-prices-high-03062017002013
87,http://epaperbeta.timesofindia.com/Article.aspx?eid=31804&articlexml=Onion-prices-double-in-just-a-fortnight-05082017009024
88,http://epaperbeta.timesofindia.com/Article.aspx?eid=31804&articlexml=I-T-carries-out-raids-on-7-big-15092017010031
89,http://epaperbeta.timesofindia.com/Article.aspx?eid=31804&articlexml=Onion-prices-shoot-up-80-in-10-days-10102017012035
