73,http://tinyurl.com/ycuo7som
73,http://tinyurl.com/ycuo7som
74,http://tinyurl.com/ydyvyrse
74,http://tinyurl.com/y93pkm4x
74,http://tinyurl.com/y8rrl3ch
74,http://tinyurl.com/y6ulnwy2
74,http://tinyurl.com/y7dqtdgb
74,http://tinyurl.com/y7nyyn3p
75,-
76,-
77,http://tinyurl.com/y9ue9a29
78,http://tinyurl.com/y6wz2yyn
78,http://tinyurl.com/y6wz2yyn
78,http://tinyurl.com/y8hccxs6
78,http://tinyurl.com/yczorwyy
78,http://tinyurl.com/y7at2d5h
78,http://tinyurl.com/y75sfwk8
78,http://tinyurl.com/ybufzdgc
78,http://tinyurl.com/y6udvsgn
78,http://tinyurl.com/y8g4eob6
79,-
80,http://tinyurl.com/y8qmcbgk
81,-
82,-
83,http://tinyurl.com/y7uq795v
83,http://tinyurl.com/ycpvx762
84,-
85,http://tinyurl.com/ybkyawct
85,http://tinyurl.com/y7mrprep
86,http://tinyurl.com/y8mk4oar
86,http://tinyurl.com/y7tyxwlp
87,http://tinyurl.com/y8aqloqw
87,http://tinyurl.com/ybp8a4g9
87,http://tinyurl.com/y9k2ttwq
88,-
89,-
90,-
91,-
92,-
93,-
94,-
95,-
96,-
97,-
98,-
99,-
100,-
101,-
102,http://tinyurl.com/y6vnzt8w
102,http://tinyurl.com/y7y9ewnt
102,http://tinyurl.com/y849qfyk
103,-
104,http://tinyurl.com/y9oxt3a8
104,http://tinyurl.com/y8hjbrcl, http://epaperbeta.timesofindia.com/Article.aspx?eid=31808&articlexml=70-crop-loss-feared-due-to-rains-veggie-15102017015047

