0,http://tinyurl.com/yazwlouc
1,-
2,-
3,-
4,-
5,-
6,-
7,-
8,-
9,-
10,-
11,-
12,-
13,-
14,http://tinyurl.com/yc75gxml
15,http://tinyurl.com/yd45pzvj
16,http://tinyurl.com/yd9omkut
16,http://tinyurl.com/yczuw5vj
17,-
18,-
19,-
20,-
21,-
22,-
23,-
24,-
25,-
26,http://tinyurl.com/y9yehfwr
27,http://tinyurl.com/y9to7kvr
28,-
29,-
30,-
31,-
32,-
33,-
34,-
35,http://tinyurl.com/y6w957xo
36,http://tinyurl.com/yaat2ner
37,http://tinyurl.com/y96qc3ut
38,http://tinyurl.com/y8cb2g7r
39,http://tinyurl.com/yafrlm6e
40,-
41,-
42,-
43,http://tinyurl.com/yccls6co
44,-
45,-
46,-
47,http://tinyurl.com/y7fnraej
47,http://tinyurl.com/ybvbnykz
48,-
49,http://tinyurl.com/y7fs86ro
49,http://tinyurl.com/yapc6qlf
50,http://tinyurl.com/y87963ms
50,http://tinyurl.com/y7fs86ro
50,http://tinyurl.com/ychcu4lj
50,http://tinyurl.com/y8ag9g8g
50,http://tinyurl.com/ybbqmzsv
50,http://tinyurl.com/ybd3443d
50,http://tinyurl.com/ybdvdr8c
51,http://tinyurl.com/ybtnajh6
51,http://tinyurl.com/yczwvred
51,http://tinyurl.com/ycse6z32
52,-
53,-
54,-
55,-
56,http://tinyurl.com/ya6w6wo5
56,http://tinyurl.com/ya6w6wo5
57,-
58,-
59,-
60,-
61,http://tinyurl.com/y9vrdr9v
62,-
63,http://tinyurl.com/yabfouh8
64,-
65,-
66,http://tinyurl.com/ycml722h
67,http://tinyurl.com/yd7lcq7t
68,-
69,-
70,http://tinyurl.com/yawfvk7x
71,http://tinyurl.com/ycbuhq6d
71,http://tinyurl.com/ybq22bt2
71,http://tinyurl.com/yc6v2lzp
71,http://tinyurl.com/y7w65axn
72,http://tinyurl.com/ycgcac7e
72,http://tinyurl.com/ycl2uoyp
72,http://tinyurl.com/y8hkft8z
72,http://tinyurl.com/y8spax75
72,http://tinyurl.com/y9gwj3v5
72,http://tinyurl.com/y7mwxxd9
72,http://tinyurl.com/ycd56wlq
72,http://tinyurl.com/y7shu2cj
73,http://tinyurl.com/ybesft5d
73,http://tinyurl.com/ycuo7som
73,http://tinyurl.com/ycuo7som
74,http://tinyurl.com/ydyvyrse
74,http://tinyurl.com/y93pkm4x
74,http://tinyurl.com/y8rrl3ch
74,http://tinyurl.com/y6ulnwy2
74,http://tinyurl.com/y7dqtdgb
74,http://tinyurl.com/y7nyyn3p
75,-
76,-
77,http://tinyurl.com/y9ue9a29
78,http://tinyurl.com/y6wz2yyn
78,http://tinyurl.com/y6wz2yyn
78,http://tinyurl.com/y8hccxs6
78,http://tinyurl.com/yczorwyy
78,http://tinyurl.com/y7at2d5h
78,http://tinyurl.com/y75sfwk8
78,http://tinyurl.com/ybufzdgc
78,http://tinyurl.com/y6udvsgn
78,http://tinyurl.com/y8g4eob6
79,-
80,http://tinyurl.com/y8qmcbgk
81,-
82,-
83,http://tinyurl.com/y7uq795v
83,http://tinyurl.com/ycpvx762
84,-
85,http://tinyurl.com/ybkyawct
85,http://tinyurl.com/y7mrprep
86,http://tinyurl.com/y8mk4oar
86,http://tinyurl.com/y7tyxwlp
87,http://tinyurl.com/y8aqloqw
87,http://tinyurl.com/ybp8a4g9
87,http://tinyurl.com/y9k2ttwq
88,-
89,-
90,-
91,-
92,-
93,-
94,-
95,-
96,-
97,-
98,-
99,-
100,-
101,-
102,http://tinyurl.com/y6vnzt8w
102,http://tinyurl.com/y7y9ewnt
102,http://tinyurl.com/y849qfyk
103,-
104,http://tinyurl.com/y9oxt3a8
