0,http://tinyurl.com/yaepaf36
1,-
2,http://tinyurl.com/ybk8m6gw
2,http://tinyurl.com/y9egrylr
3,-
4,-
5,http://tinyurl.com/ybckmdqb
6,-
7,http://tinyurl.com/y9ad36km
8,-
9,-
10,-
11,http://tinyurl.com/y9rcm5bt
12,http://tinyurl.com/ycy8lq5a
13,http://tinyurl.com/y8s37fac
13,http://tinyurl.com/yarkv92g
13,http://tinyurl.com/y82eb835
14,-
15,-
16,http://tinyurl.com/y9fy7gbo
17,http://tinyurl.com/y8dulmg5
18,-
19,-
20,http://tinyurl.com/ybs57l47
21,http://tinyurl.com/y8jlsqol
22,-
23,-
24,-
25,-
26,-
27,http://tinyurl.com/yd6dtwd9
28,-
29,http://tinyurl.com/y7hz4qte
30,-
31,-
32,-
33,-
34,-
35,-
36,http://tinyurl.com/y7bz2trl
36,http://tinyurl.com/ybfxhoks
36,http://tinyurl.com/y753t4nc
36,http://tinyurl.com/ybg2tsr2
37,http://tinyurl.com/ya68w5yl
37,http://tinyurl.com/ycg43zge
37,http://tinyurl.com/ybgqpmzt
37,http://tinyurl.com/y8okx6yo
37,http://tinyurl.com/y8kpbdhl
37,http://tinyurl.com/ycqu729t
37,http://tinyurl.com/yarantpn
37,http://tinyurl.com/yb8tnrb6
38,http://tinyurl.com/yb8tnrb6
39,-
40,-
41,-
42,-
43,-
44,-
45,-
46,-
47,-
48,-
49,-
50,-
51,-
52,-
53,http://tinyurl.com/y9rfnf8z
53,http://tinyurl.com/y8ufdtwk
53,http://tinyurl.com/y75qlfsd
54,http://tinyurl.com/ycgzu9o6
54,http://tinyurl.com/yby4a57d
54,http://tinyurl.com/y7mnztvh
54,http://tinyurl.com/y72ke95q
54,http://tinyurl.com/y8puz6sw
54,http://tinyurl.com/y73mbqug
54,http://tinyurl.com/ydbag9m2
55,http://tinyurl.com/y9qwmk24
55,http://tinyurl.com/y74mdbz8
55,http://tinyurl.com/ybsnuxvo
55,http://tinyurl.com/ybxsbo27
55,http://tinyurl.com/y8w44a5k
55,http://tinyurl.com/ybebwheg
56,http://tinyurl.com/y7bamhnp
56,http://tinyurl.com/y9jyvsm5
56,http://tinyurl.com/y8bp4tjj
56,http://tinyurl.com/y8uv7ff9
56,http://tinyurl.com/ya3hfy7u
56,http://tinyurl.com/ycjdhhkh
57,http://tinyurl.com/yb58bvb6
57,http://tinyurl.com/y7vnz45r
58,-
59,http://tinyurl.com/yaakp8bv
59,http://tinyurl.com/yak53337
60,http://tinyurl.com/y8x4s57v
60,http://tinyurl.com/y9r2po4o
60,http://tinyurl.com/yc7vazra
61,http://tinyurl.com/ybnom6ys
61,http://tinyurl.com/yaya9hv5
61,http://tinyurl.com/ycxofl65
61,http://tinyurl.com/yanfvfto
61,http://tinyurl.com/yb5kh4us
61,http://tinyurl.com/y8ct22r3
61,http://tinyurl.com/y73xcx9k
62,http://tinyurl.com/y8tjq8px
63,-
64,-
65,-
66,-
67,-
68,http://tinyurl.com/y7n58wrd
68,http://tinyurl.com/y8uf2vtw
69,http://tinyurl.com/y84o8uct
69,http://tinyurl.com/y9umftoz
69,http://tinyurl.com/y797gbcl
70,http://tinyurl.com/yclnbzzc
70,http://tinyurl.com/y9dvonql
70,http://tinyurl.com/ydfnk59u
70,http://tinyurl.com/yc54vry3
70,http://tinyurl.com/yc54vry3
71,http://tinyurl.com/yc54vry3
72,-
73,-
74,-
75,-
76,-
77,-
78,-
79,-
80,-
81,-
82,-
83,-
84,-
85,-
86,-
87,http://tinyurl.com/yaldxvdr
87,http://tinyurl.com/yaldxvdr
87,http://tinyurl.com/yb58kk6d
88,http://tinyurl.com/y7xnql6w
89,http://tinyurl.com/y799olnm
